1724978112.42,0,0,-1.0079573087e-07
1724978112.51,0,1,-1.5974983114e-07
1724978112.60,0,2,-1.5931594533e-07
1724978112.68,0,3,-1.7377534789e-07
1724978112.76,0,4,-1.9705490217e-07
1724978112.85,0,5,-2.1370075842e-07
1724978112.93,0,6,-3.2891966839e-07
1724978113.02,0,7,-3.7079396975e-07
1724978113.10,0,8,-3.5858457181e-07
1724978113.18,0,9,-3.7453631307e-07
1724978113.27,0,10,-3.3960213841e-07
1724978113.36,0,11,-3.377398059e-07
1724978113.44,0,12,-3.6974151385e-07
1724978113.53,0,13,-3.6761281308e-07
1724978113.66,0,14,-3.8228654375e-07
1724978113.75,0,15,-5.5079869554e-09
1724978113.89,0,16,-4.508243876e-07
1724978113.98,0,17,-3.9835362031e-07
1724978114.07,0,18,-3.8764210331e-07
1724978114.15,0,19,-3.9516675088e-07
1724978114.24,0,20,-3.4355824141e-07
1724978114.32,0,21,-3.8082885112e-07
1724978114.41,0,22,-3.7614424286e-07
1724978114.50,0,23,-3.6327529074e-07
1724978114.58,0,24,-3.6203167042e-07
1724978114.66,0,25,-3.0397407613e-07
1724978114.76,0,26,-1.7444634182e-07
1724978114.84,0,27,-3.9607508029e-07
1724978114.92,0,28,-3.5865403447e-07
1724978115.01,0,29,-3.2192130561e-07
1724978115.10,0,30,-2.0688761992e-07
1724978115.24,1,0,-7.6318777076e-08
1724978115.33,1,1,-1.2653356407e-07
1724978115.42,1,2,-1.3346246419e-07
1724978115.50,1,3,-1.4624470168e-07
1724978115.58,1,4,-1.6554507454e-07
1724978115.67,1,5,-1.7075629444e-07
1724978115.76,1,6,-2.6239453632e-07
1724978115.84,1,7,-2.9865870488e-07
1724978115.93,1,8,-2.8858352152e-07
1724978116.02,1,9,-2.9992526152e-07
1724978116.10,1,10,-2.7564513516e-07
1724978116.19,1,11,-2.72041774e-07
1724978116.27,1,12,-2.9557602943e-07
1724978116.37,1,13,-2.9335507179e-07
1724978116.46,1,14,-3.0665779605e-07
1724978116.54,1,15,-5.8434439509e-09
1724978116.63,1,16,-3.2749068168e-07
1724978116.73,1,17,-3.1580748328e-07
1724978116.81,1,18,-3.0514229366e-07
1724978116.89,1,19,-3.0934134543e-07
1724978116.98,1,20,-2.7461567242e-07
1724978117.07,1,21,-3.0156792263e-07
1724978117.16,1,22,-2.9928921208e-07
1724978117.27,1,23,-2.8760007353e-07
1724978117.36,1,24,-2.8629875715e-07
1724978117.44,1,25,-2.4187949066e-07
1724978117.53,1,26,-1.572916517e-07
1724978117.62,1,27,-2.9575534199e-07
1724978117.71,1,28,-2.8202467206e-07
1724978117.79,1,29,-2.5891267796e-07
1724978117.88,1,30,-1.6591519625e-07
1724978117.97,2,0,-7.4794120897e-10
1724978118.06,2,1,-8.7620307454e-08
1724978118.15,2,2,-1.0765531755e-07
1724978118.23,2,3,-1.0577553411e-07
1724978118.32,2,4,-1.1312089043e-07
1724978118.40,2,5,-1.1151887236e-07
1724978118.48,2,6,-1.665341216e-07
1724978118.58,2,7,-2.1074534118e-07
1724978118.67,2,8,-2.0479382101e-07
1724978118.75,2,9,-2.0852435512e-07
1724978118.83,2,10,-2.0524502986e-07
1724978118.92,2,11,-2.0984887783e-07
1724978119.01,2,12,-2.6272999776e-07
1724978119.09,2,13,-2.6969945566e-07
1724978119.18,2,14,-2.8626425319e-07
1724978119.27,2,15,-1.4246386293e-09
1724978119.35,2,16,-3.8162721694e-07
1724978119.44,2,17,-2.7559886462e-07
1724978119.53,2,18,-2.8775068017e-07
1724978119.61,2,19,-2.9161995485e-07
1724978119.70,2,20,-2.6339515102e-07
1724978119.79,2,21,-2.8936423746e-07
1724978119.87,2,22,-2.90943035e-07
1724978120.01,2,23,-2.7888970067e-07
1724978120.10,2,24,-2.7589970841e-07
1724978120.19,2,25,-2.3621716139e-07
1724978120.27,2,26,-1.5626797278e-07
1724978120.36,2,27,-3.0845072274e-07
1724978120.44,2,28,-3.0109956128e-07
1724978120.53,2,29,-2.6330846481e-07
1724978120.62,2,30,-1.5726855906e-07
1724978120.71,3,0,-9.0622066296e-08
1724978120.79,3,1,-1.4101036072e-07
1724978120.89,3,2,-1.4637190304e-07
1724978120.97,3,3,-1.591540979e-07
1724978121.06,3,4,-1.7791084872e-07
1724978121.14,3,5,-1.8434238314e-07
1724978121.23,3,6,-2.6705637879e-07
1724978121.32,3,7,-2.9869934792e-07
1724978121.40,3,8,-2.9042274718e-07
1724978121.48,3,9,-3.0112852301e-07
1724978121.56,3,10,-2.7920799539e-07
1724978121.66,3,11,-2.7710842687e-07
1724978121.74,3,12,-2.9960153825e-07
1724978121.83,3,13,-2.9832924042e-07
1724978121.92,3,14,-3.1032462289e-07
1724978122.00,3,15,-6.1037139787e-09
1724978122.08,3,16,-3.3336706906e-07
1724978122.17,3,17,-3.2015128681e-07
1724978122.26,3,18,-3.1121530242e-07
1724978122.34,3,19,-3.1494008113e-07
1724978122.43,3,20,-2.8308321021e-07
1724978122.51,3,21,-3.0690074482e-07
1724978122.60,3,22,-3.0462760492e-07
1724978122.74,3,23,-2.942977062e-07
1724978122.82,3,24,-2.9322208661e-07
1724978122.91,3,25,-2.528802554e-07
1724978122.99,3,26,-1.6810733428e-07
1724978123.08,3,27,-3.0535065321e-07
1724978123.17,3,28,-2.9074649888e-07
1724978123.25,3,29,-2.6930607078e-07
1724978123.34,3,30,-1.8637832966e-07
1724978123.43,4,0,-9.9268831377e-08
1724978123.52,4,1,-1.5380975071e-07
1724978123.60,4,2,-1.6019505722e-07
1724978123.69,4,3,-1.7361337257e-07
1724978123.77,4,4,-1.9386241945e-07
1724978123.86,4,5,-2.0259015798e-07
1724978123.94,4,6,-2.9133065027e-07
1724978124.03,4,7,-3.2527580629e-07
1724978124.12,4,8,-3.1756576391e-07
1724978124.20,4,9,-3.2872259226e-07
1724978124.29,4,10,-3.0625844261e-07
1724978124.38,4,11,-3.0349389135e-07
1724978124.46,4,12,-3.2646710224e-07
1724978124.54,4,13,-3.2543761108e-07
1724978124.63,4,14,-3.3807509681e-07
1724978124.72,4,15,-5.6757150091e-09
1724978124.80,4,16,-3.6224574274e-07
1724978124.89,4,17,-3.497121952e-07
1724978124.97,4,18,-3.403251867e-07
1724978125.06,4,19,-3.4383020875e-07
1724978125.15,4,20,-3.1056191574e-07
1724978125.24,4,21,-3.3365060403e-07
1724978125.32,4,22,-3.3237836305e-07
1724978125.46,4,23,-3.2140636108e-07
1724978125.56,4,24,-3.1940507483e-07
1724978125.64,4,25,-2.789591349e-07
1724978125.73,4,26,-1.8263042989e-07
1724978125.81,4,27,-3.3455879134e-07
1724978125.90,4,28,-3.1841042869e-07
1724978125.99,4,29,-2.9462756856e-07
1724978126.08,4,30,-2.1202933453e-07
1724978126.17,5,0,-1.1141473522e-07
1724978126.26,5,1,-1.7253768192e-07
1724978126.34,5,2,-1.7931051843e-07
1724978126.42,5,3,-1.9343461588e-07
1724978126.52,5,4,-2.1315142362e-07
1724978126.60,5,5,-2.2665652466e-07
1724978126.69,5,6,-3.1741566886e-07
1724978126.83,5,7,-3.5278338828e-07
1724978126.92,5,8,-3.4756081391e-07
1724978127.00,5,9,-3.5979348922e-07
1724978127.09,5,10,-3.3649632769e-07
1724978127.17,5,11,-3.3405558497e-07
1724978127.26,5,12,-3.5808128018e-07
1724978127.35,5,13,-3.5800042042e-07
1724978127.43,5,14,-3.6946954651e-07
1724978127.52,5,15,-5.8665792224e-09
1724978127.66,5,16,-4.0326420958e-07
1724978127.75,5,17,-3.9073069047e-07
1724978127.83,5,18,-3.8060352381e-07
1724978127.92,5,19,-3.8350688669e-07
1724978128.00,5,20,-3.4839351315e-07
1724978128.09,5,21,-3.7103137629e-07
1724978128.20,5,22,-3.6849220919e-07
1724978128.28,5,23,-3.59105087e-07
1724978128.37,5,24,-3.5822580458e-07
1724978128.45,5,25,-3.1726517591e-07
1724978128.53,5,26,-2.0253821731e-07
1724978128.62,5,27,-3.7613835957e-07
1724978128.70,5,28,-3.5884491467e-07
1724978128.80,5,29,-3.3127935239e-07
1724978128.88,5,30,-2.5106996304e-07
1724978128.98,6,0,-1.3131091237e-07
1724978129.07,6,1,-2.1002237816e-07
1724978129.15,6,2,-2.2143960621e-07
1724978129.24,6,3,-2.4150355671e-07
1724978129.32,6,4,-2.6949126664e-07
1724978129.42,6,5,-3.0181669786e-07
1724978129.56,6,6,-4.336233701e-07
1724978129.64,6,7,-4.9300530236e-07
1724978129.73,6,8,-4.8931531182e-07
1724978129.81,6,9,-5.0568331744e-07
1724978129.90,6,10,-4.7262338398e-07
1724978129.98,6,11,-4.7274443205e-07
1724978130.07,6,12,-5.0426643838e-07
1724978130.15,6,13,-5.0367629001e-07
1724978130.25,6,14,-5.1223059927e-07
1724978130.33,6,15,-4.6635539874e-09
1724978130.42,6,16,-5.4205173683e-07
1724978130.50,6,17,-5.3578219195e-07
1724978130.58,6,18,-5.2522108263e-07
1724978130.67,6,19,-5.3098170838e-07
1724978130.75,6,20,-4.8432985977e-07
1724978130.84,6,21,-5.1063437922e-07
1724978130.92,6,22,-5.0928673545e-07
1724978131.02,6,23,-4.9727378837e-07
1724978131.10,6,24,-4.9531303148e-07
1724978131.18,6,25,-4.4612210104e-07
1724978131.27,6,26,-2.5057829589e-07
1724978131.35,6,27,-5.2095219871e-07
1724978131.44,6,28,-4.9924597079e-07
1724978131.52,6,29,-4.5630730483e-07
1724978131.61,6,30,-3.8088685983e-07
1724978131.75,7,0,-1.8051932216e-07
1724978131.83,7,1,-3.0155646868e-07
1724978131.92,7,2,-3.2352329526e-07
1724978132.00,7,3,-3.5808713506e-07
1724978132.09,7,4,-4.1143098883e-07
1724978132.17,7,5,-5.3821707979e-07
1724978132.28,7,6,-8.5129312311e-07
1724978132.36,7,7,-1.0647496538e-06
1724978132.45,7,8,-1.1125406445e-06
1724978132.54,7,9,-1.1673996596e-06
1724978132.62,7,10,-1.0985498875e-06
1724978132.71,7,11,-1.1344266113e-06
1724978132.79,7,12,-1.2101704669e-06
1724978132.88,7,13,-1.2282737316e-06
1724978132.96,7,14,-1.2112292325e-06
1724978133.05,7,15,-1.4824763639e-09
1724978133.13,7,16,-1.1641088804e-06
1724978133.23,7,17,-1.1700890354e-06
1724978133.34,7,18,-1.1609852208e-06
1724978133.42,7,19,-1.1845893368e-06
1724978133.51,7,20,-1.0430079556e-06
1724978133.65,7,21,-1.0885726169e-06
1724978133.73,7,22,-1.0915282473e-06
1724978133.82,7,23,-1.0679882507e-06
1724978133.90,7,24,-1.0594745845e-06
1724978134.00,7,25,-9.4263049277e-07
1724978134.08,7,26,-3.1993738503e-07
1724978134.17,7,27,-1.090793603e-06
1724978134.25,7,28,-1.0402425232e-06
1724978134.34,7,29,-9.0137979214e-07
1724978134.42,7,30,-8.5207983602e-07
1724978134.52,8,0,-2.2597990323e-07
1724978134.60,8,1,-3.6783288238e-07
1724978134.69,8,2,-3.9241388095e-07
1724978134.77,8,3,-4.2417264012e-07
1724978134.87,8,4,-4.8437590294e-07
1724978135.00,8,5,-6.8701626788e-07
1724978135.09,8,6,-1.1625526213e-06
1724978135.17,8,7,-1.5294934883e-06
1724978135.26,8,8,-1.6355623984e-06
1724978135.35,8,9,-1.7397052261e-06
1724978135.43,8,10,-1.5651095282e-06
1724978135.52,8,11,-1.5305274701e-06
1724978135.60,8,12,-1.6305757526e-06
1724978135.69,8,13,-1.6509239913e-06
1724978135.78,8,14,-1.6670541072e-06
1724978135.86,8,15,-3.3506359909e-09
1724978135.95,8,16,-1.8018514538e-06
1724978136.04,8,17,-1.6598889943e-06
1724978136.12,8,18,-1.6121309727e-06
1724978136.20,8,19,-1.6488293113e-06
1724978136.29,8,20,-1.4575025489e-06
1724978136.37,8,21,-1.5589663462e-06
1724978136.47,8,22,-1.6243629943e-06
1724978136.55,8,23,-1.6153578599e-06
1724978136.63,8,24,-1.619211389e-06
1724978136.72,8,25,-1.4361029343e-06
1724978136.81,8,26,-3.6493517541e-07
1724978136.89,8,27,-1.5629058225e-06
1724978136.98,8,28,-1.4292370452e-06
1724978137.07,8,29,-1.1961277551e-06
1724978137.15,8,30,-1.2992754819e-06
1724978137.25,9,0,-2.1076269263e-07
1724978137.34,9,1,-3.8667658941e-07
1724978137.42,9,2,-4.2106688625e-07
1724978137.51,9,3,-4.6176151614e-07
1724978137.60,9,4,-5.3546381196e-07
1724978137.73,9,5,-8.1102621152e-07
1724978137.82,9,6,-1.438543336e-06
1724978137.91,9,7,-1.9605590751e-06
1724978137.99,9,8,-2.1260955236e-06
1724978138.08,9,9,-2.1887155981e-06
1724978138.16,9,10,-1.8655997565e-06
1724978138.25,9,11,-1.7958877834e-06
1724978138.34,9,12,-1.8849062826e-06
1724978138.42,9,13,-1.8970584961e-06
1724978138.51,9,14,-1.9068739903e-06
1724978138.59,9,15,-8.0577833295e-10
1724978138.68,9,16,-2.1085452317e-06
1724978138.76,9,17,-2.1113739876e-06
1724978138.85,9,18,-1.9768342554e-06
1724978138.99,9,19,-2.0272104848e-06
1724978139.09,9,20,-1.8168029783e-06
1724978139.17,9,21,-1.9069199197e-06
1724978139.26,9,22,-1.9080937363e-06
1724978139.34,9,23,-1.8561725028e-06
1724978139.43,9,24,-1.8412799818e-06
1724978139.52,9,25,-1.6706350152e-06
1724978139.60,9,26,-3.5188693914e-07
1724978139.69,9,27,-1.9327565042e-06
1724978139.77,9,28,-1.7008954956e-06
1724978139.85,9,29,-1.3678994719e-06
1724978139.95,9,30,-1.6259728e-06
1724978140.06,10,0,-2.1125430294e-07
1724978140.15,10,1,-3.9761357584e-07
1724978140.24,10,2,-4.3207901967e-07
1724978140.33,10,3,-4.7590276608e-07
1724978140.46,10,4,-5.5062906767e-07
1724978140.55,10,5,-8.4322431348e-07
1724978140.63,10,6,-1.5384987364e-06
1724978140.71,10,7,-2.1528294383e-06
1724978140.80,10,8,-2.3252416668e-06
1724978140.89,10,9,-2.3338900519e-06
1724978140.98,10,10,-1.952564844e-06
1724978141.06,10,11,-1.8808578943e-06
1724978141.15,10,12,-1.955937023e-06
1724978141.23,10,13,-1.9731439806e-06
1724978141.32,10,14,-2.000165523e-06
1724978141.41,10,15,-6.8432021161e-10
1724978141.49,10,16,-2.2401468414e-06
1724978141.57,10,17,-2.2784697649e-06
1724978141.66,10,18,-2.1546561584e-06
1724978141.74,10,19,-2.2104295567e-06
1724978141.84,10,20,-1.9618023543e-06
1724978141.92,10,21,-2.001773737e-06
1724978142.01,10,22,-1.9889844225e-06
1724978142.09,10,23,-1.9365620574e-06
1724978142.18,10,24,-1.9173462533e-06
1724978142.26,10,25,-1.7454126464e-06
1724978142.35,10,26,-3.5149952282e-07
1724978142.44,10,27,-2.0796808258e-06
1724978142.52,10,28,-1.859168151e-06
1724978142.61,10,29,-1.422343189e-06
1724978142.69,10,30,-1.7284959313e-06
1724978142.79,11,0,-2.1962915753e-07
1724978142.88,11,1,-4.2093350316e-07
1724978142.96,11,2,-4.547455319e-07
1724978143.05,11,3,-5.0081899872e-07
1724978143.18,11,4,-5.7185570768e-07
1724978143.28,11,5,-8.7756842504e-07
1724978143.36,11,6,-1.5823280819e-06
1724978143.45,11,7,-2.218618647e-06
1724978143.54,11,8,-2.3528427846e-06
1724978143.62,11,9,-2.3300258363e-06
1724978143.70,11,10,-1.9464755496e-06
1724978143.79,11,11,-1.8303142042e-06
1724978143.88,11,12,-1.8699092834e-06
1724978143.96,11,13,-1.8696782718e-06
1724978144.05,11,14,-1.9139408778e-06
1724978144.14,11,15,-1.0082089608e-09
1724978144.22,11,16,-2.2572028229e-06
1724978144.31,11,17,-2.2985157102e-06
1724978144.40,11,18,-2.2325466489e-06
1724978144.48,11,19,-2.2829462978e-06
1724978144.56,11,20,-1.9945152872e-06
1724978144.65,11,21,-2.0209818103e-06
1724978144.73,11,22,-1.9997028176e-06
1724978144.82,11,23,-1.9588926534e-06
1724978144.90,11,24,-1.9512640392e-06
1724978144.99,11,25,-1.7851250504e-06
1724978145.08,11,26,-3.5716183788e-07
1724978145.16,11,27,-2.1176279006e-06
1724978145.25,11,28,-1.9216804503e-06
1724978145.34,11,29,-1.4721874777e-06
1724978145.42,11,30,-1.769427513e-06
1724978145.52,12,0,-2.2957159729e-07
1724978145.60,12,1,-4.2184760218e-07
1724978145.68,12,2,-4.510208953e-07
1724978145.78,12,3,-4.9203936214e-07
1724978145.91,12,4,-5.5674831856e-07
1724978146.00,12,5,-8.2983524408e-07
1724978146.09,12,6,-1.469521635e-06
1724978146.17,12,7,-2.0560023586e-06
1724978146.26,12,8,-2.1457376533e-06
1724978146.34,12,9,-2.1205876237e-06
1724978146.43,12,10,-1.7422198653e-06
1724978146.52,12,11,-1.5743346466e-06
1724978146.60,12,12,-1.6474585891e-06
1724978146.69,12,13,-1.6605595192e-06
1724978146.77,12,14,-1.7033072481e-06
1724978146.86,12,15,-1.7196112312e-09
1724978146.94,12,16,-2.094493766e-06
1724978147.03,12,17,-2.1460032258e-06
1724978147.12,12,18,-2.0966572265e-06
1724978147.20,12,19,-2.1591151835e-06
1724978147.28,12,20,-1.8555250563e-06
1724978147.37,12,21,-1.8682029577e-06
1724978147.45,12,22,-1.781955234e-06
1724978147.55,12,23,-1.7126134253e-06
1724978147.63,12,24,-1.7214222225e-06
1724978147.72,12,25,-1.677425189e-06
1724978147.80,12,26,-3.6784445001e-07
1724978147.89,12,27,-2.0227573714e-06
1724978147.97,12,28,-1.8332459604e-06
1724978148.06,12,29,-1.4348693185e-06
1724978148.15,12,30,-1.6501538767e-06
1724978148.25,13,0,-2.2608971051e-07
1724978148.33,13,1,-4.206041524e-07
1724978148.41,13,2,-4.5359470846e-07
1724978148.51,13,3,-4.9626737564e-07
1724978148.65,13,4,-5.6102840063e-07
1724978148.73,13,5,-8.4891553342e-07
1724978148.81,13,6,-1.4940435449e-06
1724978148.91,13,7,-2.0359552764e-06
1724978148.99,13,8,-2.1165878934e-06
1724978149.07,13,9,-2.0827005756e-06
1724978149.17,13,10,-1.6521096313e-06
1724978149.25,13,11,-1.5447682244e-06
1724978149.34,13,12,-1.6286739992e-06
1724978149.43,13,13,-1.6387843971e-06
1724978149.51,13,14,-1.674862574e-06
1724978149.60,13,15,-1.7427465027e-09
1724978149.68,13,16,-1.9728838652e-06
1724978149.77,13,17,-2.1223424937e-06
1724978149.86,13,18,-2.1117805318e-06
1724978150.00,13,19,-2.130908797e-06
1724978150.09,13,20,-1.8171654119e-06
1724978150.17,13,21,-1.7342019873e-06
1724978150.26,13,22,-1.6864461259e-06
1724978150.35,13,23,-1.6464820192e-06
1724978150.43,13,24,-1.6532313794e-06
1724978150.52,13,25,-1.545658165e-06
1724978150.62,13,26,-3.6343132592e-07
1724978150.70,13,27,-1.979805802e-06
1724978150.79,13,28,-1.8137375264e-06
1724978150.87,13,29,-1.456565542e-06
1724978150.96,13,30,-1.6127856952e-06
1724978151.07,14,0,-2.2703251545e-07
1724978151.15,14,1,-4.1542168105e-07
1724978151.24,14,2,-4.4566513679e-07
1724978151.37,14,3,-4.8815860509e-07
1724978151.45,14,4,-5.5285579492e-07
1724978151.54,14,5,-8.3437498688e-07
1724978151.62,14,6,-1.4583644088e-06
1724978151.71,14,7,-1.9731323846e-06
1724978151.79,14,8,-2.0317734197e-06
1724978151.88,14,9,-1.973942517e-06
1724978151.96,14,10,-1.5578391412e-06
1724978152.06,14,11,-1.4826393908e-06
1724978152.14,14,12,-1.564606805e-06
1724978152.23,14,13,-1.573600457e-06
1724978152.31,14,14,-1.6074576479e-06
1724978152.40,14,15,-1.7485299875e-09
1724978152.48,14,16,-1.8742640577e-06
1724978152.57,14,17,-2.030565156e-06
1724978152.66,14,18,-2.0458628569e-06
1724978152.75,14,19,-2.046077725e-06
1724978152.83,14,20,-1.7008770783e-06
1724978152.91,14,21,-1.6394017166e-06
1724978153.00,14,22,-1.6170657773e-06
1724978153.09,14,23,-1.5798179902e-06
1724978153.17,14,24,-1.5792627437e-06
1724978153.26,14,25,-1.4645941064e-06
1724978153.34,14,26,-3.6135503478e-07
1724978153.43,14,27,-1.9182709821e-06
1724978153.52,14,28,-1.7693567997e-06
1724978153.60,14,29,-1.4313533256e-06
1724978153.68,14,30,-1.5069938399e-06
1724978153.79,15,0,-2.2940365341e-07
1724978153.87,15,1,-4.1822059416e-07
1724978153.96,15,2,-4.5044254193e-07
1724978154.04,15,3,-4.8939620001e-07
1724978154.13,15,4,-5.5464886373e-07
1724978154.21,15,5,-8.3178457544e-07
1724978154.30,15,6,-1.4393125412e-06
1724978154.38,15,7,-1.942750032e-06
1724978154.47,15,8,-1.9918068119e-06
1724978154.56,15,9,-1.9151902961e-06
1724978154.65,15,10,-1.5222638012e-06
1724978154.72,15,11,-1.4584103383e-06
1724978154.82,15,12,-1.5351715774e-06
1724978154.90,15,13,-1.5469831851e-06
1724978154.99,15,14,-1.580759772e-06
1724978155.07,15,15,-1.7600977342e-09
1724978155.16,15,16,-1.8268028725e-06
1724978155.24,15,17,-1.9653061827e-06
1724978155.33,15,18,-1.9917547434e-06
1724978155.46,15,19,-1.9970223093e-06
1724978155.54,15,20,-1.6340807178e-06
1724978155.62,15,21,-1.6089212522e-06
1724978155.71,15,22,-1.5953461343e-06
1724978155.79,15,23,-1.5535691773e-06
1724978155.88,15,24,-1.5543570271e-06
1724978155.97,15,25,-1.4335523701e-06
1724978156.06,15,26,-3.6630592604e-07
1724978156.14,15,27,-1.8742701968e-06
1724978156.23,15,28,-1.7544305138e-06
1724978156.31,15,29,-1.4283295968e-06
1724978156.39,15,30,-1.4612854784e-06
1724978156.49,16,0,-2.3174627017e-07
1724978156.58,16,1,-4.2408598233e-07
1724978156.66,16,2,-4.5562495643e-07
1724978156.74,16,3,-4.9468269481e-07
1724978156.83,16,4,-5.6017807992e-07
1724978156.92,16,5,-8.3845890231e-07
1724978157.00,16,6,-1.4507758124e-06
1724978157.09,16,7,-1.9463886929e-06
1724978157.18,16,8,-2.0102929739e-06
1724978157.26,16,9,-1.9249077923e-06
1724978157.35,16,10,-1.5285269228e-06
1724978157.42,16,11,-1.4676473938e-06
1724978157.52,16,12,-1.543564963e-06
1724978157.60,16,13,-1.5589904478e-06
1724978157.69,16,14,-1.5886960227e-06
1724978157.78,16,15,-1.6097195799e-09
1724978157.86,16,16,-1.8376701973e-06
1724978157.94,16,17,-1.9726460323e-06
1724978158.03,16,18,-2.0224101718e-06
1724978158.18,16,19,-2.0157292511e-06
1724978158.27,16,20,-1.6348726604e-06
1724978158.35,16,21,-1.6103373355e-06
1724978158.44,16,22,-1.5992565068e-06
1724978158.52,16,23,-1.5608405874e-06
1724978158.61,16,24,-1.5620211116e-06
1724978158.69,16,25,-1.441757945e-06
1724978158.78,16,26,-3.6586044416e-07
1724978158.87,16,27,-1.8754212761e-06
1724978158.95,16,28,-1.7657662283e-06
1724978159.03,16,29,-1.4482483266e-06
1724978159.12,16,30,-1.4629791849e-06
1724978159.22,17,0,-2.3532626869e-07
1724978159.30,17,1,-4.33131504e-07
1724978159.39,17,2,-4.6492505135e-07
1724978159.48,17,3,-5.041333111e-07
1724978159.56,17,4,-5.716758551e-07
1724978159.65,17,5,-8.5464210997e-07
1724978159.73,17,6,-1.4659298131e-06
1724978159.82,17,7,-1.9603376131e-06
1724978159.90,17,8,-2.0263423721e-06
1724978159.99,17,9,-1.9541384972e-06
1724978160.07,17,10,-1.5473239046e-06
1724978160.16,17,11,-1.486750989e-06
1724978160.25,17,12,-1.5631841279e-06
1724978160.33,17,13,-1.5771561266e-06
1724978160.42,17,14,-1.6057987295e-06
1724978160.50,17,15,-1.8642056787e-09
1724978160.59,17,16,-1.8589257706e-06
1724978160.67,17,17,-1.9939193407e-06
1724978160.76,17,18,-2.0507620775e-06
1724978160.84,17,19,-2.0471354674e-06
1724978160.94,17,20,-1.6469846287e-06
1724978161.02,17,21,-1.6301191863e-06
1724978161.10,17,22,-1.6158219296e-06
1724978161.19,17,23,-1.5802223743e-06
1724978161.27,17,24,-1.5794130377e-06
1724978161.36,17,25,-1.4583123402e-06
1724978161.45,17,26,-3.6975293938e-07
1724978161.53,17,27,-1.9068098709e-06
1724978161.61,17,28,-1.786871394e-06
1724978161.71,17,29,-1.4669818711e-06
1724978161.79,17,30,-1.4850907064e-06
1724978161.88,18,0,-2.3499084989e-07
1724978161.97,18,1,-4.3767167313e-07
1724978162.05,18,2,-4.7146050974e-07
1724978162.14,18,3,-5.1092922604e-07
1724978162.27,18,4,-5.7837979739e-07
1724978162.36,18,5,-8.7462484544e-07
1724978162.44,18,6,-1.5288632085e-06
1724978162.53,18,7,-2.0779459646e-06
1724978162.62,18,8,-2.1386933895e-06
1724978162.70,18,9,-2.0642673917e-06
1724978162.78,18,10,-1.6278287376e-06
1724978162.86,18,11,-1.5640453057e-06
1724978162.96,18,12,-1.6438031025e-06
1724978163.04,18,13,-1.6572670347e-06
1724978163.12,18,14,-1.6902184825e-06
1724978163.22,18,15,-1.5634491479e-09
1724978163.30,18,16,-1.9608817183e-06
1724978163.38,18,17,-2.0982806745e-06
1724978163.47,18,18,-2.1692537757e-06
1724978163.56,18,19,-2.1544531137e-06
1724978163.64,18,20,-1.7445108824e-06
1724978163.73,18,21,-1.7290510641e-06
1724978163.82,18,22,-1.7178822418e-06
1724978163.90,18,23,-1.675383146e-06
1724978163.98,18,24,-1.6779915768e-06
1724978164.07,18,25,-1.5545369934e-06
1724978164.16,18,26,-3.7455345137e-07
1724978164.24,18,27,-2.0146876523e-06
1724978164.33,18,28,-1.875437988e-06
1724978164.41,18,29,-1.5184747326e-06
1724978164.50,18,30,-1.5759534335e-06
1724978164.59,19,0,-2.650258466e-07
1724978164.68,19,1,-5.1830329539e-07
1724978164.76,19,2,-5.5900966345e-07
1724978164.85,19,3,-6.0296048332e-07
1724978165.01,19,4,-6.6976912194e-07
1724978165.09,19,5,-1.0422727428e-06
1724978165.18,19,6,-1.9135293314e-06
1724978165.26,19,7,-2.7611376936e-06
1724978165.35,19,8,-2.8667543575e-06
1724978165.43,19,9,-2.7954117741e-06
1724978165.52,19,10,-2.2555780106e-06
1724978165.60,19,11,-2.1534167445e-06
1724978165.69,19,12,-2.2556118893e-06
1724978165.77,19,13,-2.2886938496e-06
1724978165.86,19,14,-2.3311313271e-06
1724978165.99,19,15,-1.6270705894e-09
1724978166.08,19,16,-2.7064800179e-06
1724978166.16,19,17,-2.8275355817e-06
1724978166.25,19,18,-2.8088538784e-06
1724978166.37,19,19,-2.8267004382e-06
1724978166.45,19,20,-2.3979735033e-06
1724978166.53,19,21,-2.3989628062e-06
1724978166.62,19,22,-2.3995298761e-06
1724978166.71,19,23,-2.3419645458e-06
1724978166.79,19,24,-2.3199327188e-06
1724978166.88,19,25,-2.1616481263e-06
1724978166.97,19,26,-4.0743432805e-07
1724978167.05,19,27,-2.6295160751e-06
1724978167.14,19,28,-2.3921734282e-06
1724978167.23,19,29,-1.845230031e-06
1724978167.31,19,30,-2.1976588869e-06
1724978167.40,20,0,-2.3522228787e-07
1724978167.49,20,1,-4.5931489012e-07
1724978167.58,20,2,-4.9882362418e-07
1724978167.72,20,3,-5.4479897926e-07
1724978167.81,20,4,-6.0865221485e-07
1724978167.90,20,5,-9.6457415566e-07
1724978167.98,20,6,-1.7466912823e-06
1724978168.07,20,7,-2.4687331006e-06
1724978168.15,20,8,-2.5679419196e-06
1724978168.24,20,9,-2.5546685265e-06
1724978168.33,20,10,-2.1290743462e-06
1724978168.41,20,11,-2.0245911401e-06
1724978168.50,20,12,-2.1463395115e-06
1724978168.58,20,13,-2.1661189749e-06
1724978168.67,20,14,-2.2078952497e-06
1724978168.75,20,15,-9.6193930599e-10
1724978168.83,20,16,-2.488298378e-06
1724978168.92,20,17,-2.5715633001e-06
1724978169.01,20,18,-2.5449339773e-06
1724978169.09,20,19,-2.5566582735e-06
1724978169.18,20,20,-2.1793177893e-06
1724978169.27,20,21,-2.1992423171e-06
1724978169.36,20,22,-2.1971081878e-06
1724978169.44,20,23,-2.1455630304e-06
1724978169.52,20,24,-2.1346495487e-06
1724978169.61,20,25,-1.9596150196e-06
1724978169.70,20,26,-3.8226900756e-07
1724978169.78,20,27,-2.3642708129e-06
1724978169.86,20,28,-2.1531684524e-06
1724978169.96,20,29,-1.6928322566e-06
1724978170.04,20,30,-1.9785572931e-06
1724978170.13,21,0,-2.4204143756e-07
1724978170.21,21,1,-4.5417880301e-07
1724978170.29,21,2,-4.8835516964e-07
1724978170.38,21,3,-5.2486825552e-07
1724978170.47,21,4,-5.8938616121e-07
1724978170.55,21,5,-9.1923470791e-07
1724978170.64,21,6,-1.6935612166e-06
1724978170.73,21,7,-2.4325197501e-06
1724978170.81,21,8,-2.5168706088e-06
1724978170.90,21,9,-2.5070564789e-06
1724978170.98,21,10,-2.0980266981e-06
1724978171.07,21,11,-2.0066024717e-06
1724978171.15,21,12,-2.1183395802e-06
1724978171.24,21,13,-2.1502130494e-06
1724978171.33,21,14,-2.1865644158e-06
1724978171.41,21,15,-1.5634492589e-09
1724978171.50,21,16,-2.4936205136e-06
1724978171.58,21,17,-2.54311135e-06
1724978171.66,21,18,-2.517547955e-06
1724978171.76,21,19,-2.5419424219e-06
1724978171.84,21,20,-2.160359827e-06
1724978171.92,21,21,-2.2051490305e-06
1724978172.01,21,22,-2.1764369649e-06
1724978172.10,21,23,-2.1349549115e-06
1724978172.18,21,24,-2.117743179e-06
1724978172.27,21,25,-1.9160002012e-06
1724978172.36,21,26,-3.9216513414e-07
1724978172.44,21,27,-2.3519005481e-06
1724978172.52,21,28,-2.1356279376e-06
1724978172.61,21,29,-1.6763314079e-06
1724978172.70,21,30,-2.1843850391e-06
1724978172.79,22,0,-2.502485188e-07
1724978172.88,22,1,-4.8301069455e-07
1724978172.97,22,2,-5.2201698963e-07
1724978173.06,22,3,-5.5892900264e-07
1724978173.18,22,4,-6.2306531845e-07
1724978173.26,22,5,-9.6455721632e-07
1724978173.34,22,6,-1.7422657947e-06
1724978173.43,22,7,-2.43925615e-06
1724978173.51,22,8,-2.540830792e-06
1724978173.60,22,9,-2.5451240617e-06
1724978173.69,22,10,-2.1482360353e-06
1724978173.78,22,11,-2.0489633243e-06
1724978173.86,22,12,-2.1517532787e-06
1724978173.94,22,13,-2.1854366423e-06
1724978174.03,22,14,-2.2182357498e-06
1724978174.11,22,15,-1.603935873e-09
1724978174.20,22,16,-2.4994151318e-06
1724978174.28,22,17,-2.5644869766e-06
1724978174.38,22,18,-2.5486040158e-06
1724978174.46,22,19,-2.5575359359e-06
1724978174.55,22,20,-2.1952978386e-06
1724978174.63,22,21,-2.2227136469e-06
1724978174.72,22,22,-2.2002270725e-06
1724978174.80,22,23,-2.1456280592e-06
1724978174.89,22,24,-2.1347259462e-06
1724978174.97,22,25,-1.9466833692e-06
1724978175.06,22,26,-3.9696564613e-07
1724978175.14,22,27,-2.3630175292e-06
1724978175.24,22,28,-2.1562000256e-06
1724978175.32,22,29,-1.7052327621e-06
1724978175.41,22,30,-1.9416338546e-06
1724978175.50,23,0,-2.391032865e-07
1724978175.58,23,1,-4.3944740469e-07
1724978175.68,23,2,-4.6873074666e-07
1724978175.76,23,3,-5.0281431641e-07
1724978175.91,23,4,-5.5869156768e-07
1724978175.99,23,5,-8.2409729885e-07
1724978176.07,23,6,-1.3906654885e-06
1724978176.17,23,7,-1.8395144252e-06
1724978176.25,23,8,-1.8899091856e-06
1724978176.34,23,9,-1.9081853679e-06
1724978176.42,23,10,-1.6595463421e-06
1724978176.51,23,11,-1.5939647255e-06
1724978176.60,23,12,-1.6747873133e-06
1724978176.72,23,13,-1.6757124968e-06
1724978176.81,23,14,-1.7020576024e-06
1724978176.90,23,15,-1.8699892745e-09
1724978176.98,23,16,-1.8790875629e-06
1724978177.07,23,17,-1.8671328235e-06
1724978177.15,23,18,-1.8394661083e-06
1724978177.27,23,19,-1.8624712084e-06
1724978177.35,23,20,-1.6140061234e-06
1724978177.44,23,21,-1.647933118e-06
1724978177.53,23,22,-1.6328949641e-06
1724978177.62,23,23,-1.5908805153e-06
1724978177.70,23,24,-1.5825356741e-06
1724978177.79,23,25,-1.4415338683e-06
1724978177.87,23,26,-3.6948094362e-07
1724978177.96,23,27,-1.723891728e-06
1724978178.04,23,28,-1.5913792595e-06
1724978178.13,23,29,-1.3266674159e-06
1724978178.21,23,30,-1.3913994508e-06
1724978178.32,24,0,-1.6972681749e-07
1724978178.40,24,1,-2.395023273e-07
1724978178.49,24,2,-2.4577190061e-07
1724978178.63,24,3,-2.6268949682e-07
1724978178.71,24,4,-2.8556422649e-07
1724978178.80,24,5,-3.2237235814e-07
1724978178.88,24,6,-4.0944698299e-07
1724978178.96,24,7,-4.3606371491e-07
1724978179.06,24,8,-4.3211949219e-07
1724978179.14,24,9,-4.4388374931e-07
1724978179.23,24,10,-4.2576306214e-07
1724978179.31,24,11,-4.2506329123e-07
1724978179.40,24,12,-4.4741182137e-07
1724978179.48,24,13,-4.4731928028e-07
1724978179.58,24,14,-4.5869597898e-07
1724978179.66,24,15,-6.7688503691e-09
1724978179.74,24,16,-4.9715782779e-07
1724978179.83,24,17,-4.7410983939e-07
1724978179.92,24,18,-4.6827392453e-07
1724978180.00,24,19,-4.7290086513e-07
1724978180.09,24,20,-4.4196346494e-07
1724978180.17,24,21,-4.6479777893e-07
1724978180.26,24,22,-4.626693908e-07
1724978180.35,24,23,-4.5564200946e-07
1724978180.43,24,24,-4.5587927389e-07
1724978180.52,24,25,-4.2120529997e-07
1724978180.61,24,26,-2.58374655e-07
1724978180.69,24,27,-4.8741230785e-07
1724978180.78,24,28,-4.6057559189e-07
1724978180.86,24,29,-4.3176675035e-07
1724978180.95,24,30,-3.7470394432e-07
1724978181.08,25,0,-1.3435885649e-07
1724978181.17,25,1,-1.7386207674e-07
1724978181.25,25,2,-1.753948311e-07
1724978181.36,25,3,-1.8510010591e-07
1724978181.44,25,4,-1.9896940273e-07
1724978181.53,25,5,-2.0788213817e-07
1724978181.61,25,6,-2.6041053047e-07
1724978181.70,25,7,-2.721575072e-07
1724978181.79,25,8,-2.6814907983e-07
1724978181.87,25,9,-2.7739156394e-07
1724978181.96,25,10,-2.6736267955e-07
1724978182.04,25,11,-2.6759994398e-07
1724978182.13,25,12,-2.8399685448e-07
1724978182.22,25,13,-2.8373662531e-07
1724978182.30,25,14,-2.9336649732e-07
1724978182.39,25,15,-7.6711188512e-09
1724978182.47,25,16,-3.313196828e-07
1724978182.55,25,17,-3.0049798738e-07
1724978182.64,25,18,-2.9641461197e-07
1724978182.73,25,19,-2.9956106573e-07
1724978182.81,25,20,-2.7972842531e-07
1724978182.90,25,21,-2.9901747212e-07
1724978182.99,25,22,-2.9728806794e-07
1724978183.08,25,23,-2.9138283253e-07
1724978183.16,25,24,-2.9191483009e-07
1724978183.25,25,25,-2.6359748517e-07
1724978183.33,25,26,-1.8771426369e-07
1724978183.42,25,27,-3.1362102959e-07
1724978183.51,25,28,-2.9323351214e-07
1724978183.59,25,29,-2.7712576411e-07
1724978183.67,25,30,-2.1977963627e-07
1724978183.77,26,0,-1.2382093928e-07
1724978183.85,26,1,-1.5695039224e-07
1724978183.95,26,2,-1.5652823038e-07
1724978184.08,26,3,-1.6575913264e-07
1724978184.17,26,4,-1.7754069859e-07
1724978184.27,26,5,-1.800739966e-07
1724978184.35,26,6,-2.3004581351e-07
1724978184.44,26,7,-2.4141669996e-07
1724978184.52,26,8,-2.3672595262e-07
1724978184.61,26,9,-2.4602056214e-07
1724978184.70,26,10,-2.3667401194e-07
1724978184.78,26,11,-2.3693432638e-07
1724978184.86,26,12,-2.5249266855e-07
1724978184.95,26,13,-2.5234803047e-07
1724978185.04,26,14,-2.6168305567e-07
1724978185.12,26,15,-7.9198185787e-09
1724978185.21,26,16,-2.9861257644e-07
1724978185.30,26,17,-2.6812048759e-07
1724978185.45,26,18,-2.6233078643e-07
1724978185.53,26,19,-2.6609012593e-07
1724978185.61,26,20,-2.4696893774e-07
1724978185.70,26,21,-2.6680734777e-07
1724978185.79,26,22,-2.6514763363e-07
1724978185.87,26,23,-2.5933485404e-07
1724978185.95,26,24,-2.6009257681e-07
1724978186.05,26,25,-2.3150913364e-07
1724978186.13,26,26,-1.692754239e-07
1724978186.22,26,27,-2.791904592e-07
1724978186.30,26,28,-2.6013873367e-07
1724978186.39,26,29,-2.4661059683e-07
1724978186.47,26,30,-1.855627545e-07
1724978186.57,27,0,-1.12131886e-07
1724978186.66,27,1,-1.4134576531e-07
1724978186.81,27,2,-1.4042032603e-07
1724978186.89,27,3,-1.4858126463e-07
1724978186.98,27,4,-1.5947782117e-07
1724978187.06,27,5,-1.6188958796e-07
1724978187.15,27,6,-2.0574235293e-07
1724978187.24,27,7,-2.1734457789e-07
1724978187.32,27,8,-2.1295463171e-07
1724978187.45,27,9,-2.2246327092e-07
1724978187.55,27,10,-2.1348677137e-07
1724978187.63,27,11,-2.1371222658e-07
1724978187.71,27,12,-2.2890037599e-07
1724978187.80,27,13,-2.2836849212e-07
1724978187.89,27,14,-2.3737975141e-07
1724978187.97,27,15,-7.601713925e-09
1724978188.06,27,16,-2.7348755793e-07
1724978188.16,27,17,-2.4110443064e-07
1724978188.26,27,18,-2.3735074706e-07
1724978188.34,27,19,-2.4068219773e-07
1724978188.42,27,20,-2.2259052912e-07
1724978188.51,27,21,-2.4187360737e-07
1724978188.60,27,22,-2.4025410994e-07
1724978188.68,27,23,-2.3426214568e-07
1724978188.76,27,24,-2.3471329769e-07
1724978188.85,27,25,-2.0712471382e-07
1724978188.93,27,26,-1.5475822579e-07
1724978189.02,27,27,-2.5079782517e-07
1724978189.11,27,28,-2.3407113758e-07
1724978189.19,27,29,-2.2257896148e-07
1724978189.28,27,30,-1.6202855591e-07
1724978189.39,28,0,-1.0059329725e-07
1724978189.53,28,1,-1.3102742003e-07
1724978189.62,28,2,-1.3228252271e-07
1724978189.71,28,3,-1.3930410603e-07
1724978189.79,28,4,-1.5031065459e-07
1724978189.88,28,5,-1.5317355917e-07
1724978189.96,28,6,-2.0050804039e-07
1724978190.05,28,7,-2.1559219476e-07
1724978190.14,28,8,-2.108552053e-07
1724978190.22,28,9,-2.2049670179e-07
1724978190.31,28,10,-2.1038090381e-07
1724978190.40,28,11,-2.0966369618e-07
1724978190.48,28,12,-2.260030243e-07
1724978190.56,28,13,-2.2578899461e-07
1724978190.66,28,14,-2.3518747128e-07
1724978190.74,28,15,-7.8330648634e-09
1724978190.82,28,16,-2.6429725608e-07
1724978190.91,28,17,-2.3991293574e-07
1724978190.99,28,18,-2.3540746952e-07
1724978191.08,28,19,-2.3847275088e-07
1724978191.17,28,20,-2.1830469166e-07
1724978191.25,28,21,-2.3849014497e-07
1724978191.33,28,22,-2.369054215e-07
1724978191.42,28,23,-2.298952495e-07
1724978191.51,28,24,-2.3068176347e-07
1724978191.60,28,25,-1.9973876419e-07
1724978191.69,28,26,-1.479566123e-07
1724978191.77,28,27,-2.4256195275e-07
1724978191.86,28,28,-2.2799254396e-07
1724978191.95,28,29,-2.1712466491e-07
1724978192.03,28,30,-1.5146152066e-07
1724978192.13,29,0,-1.1484448237e-07
1724978192.26,29,1,-1.6487415166e-07
1724978192.34,29,2,-1.7073296021e-07
1724978192.43,29,3,-1.8390281298e-07
1724978192.52,29,4,-2.0555724234e-07
1724978192.60,29,5,-3.764563985e-07
1724978192.69,29,6,-3.2255158544e-07
1724978192.78,29,7,-3.5985107161e-07
1724978192.86,29,8,-3.5606274196e-07
1724978192.94,29,9,-3.679656686e-07
1724978193.04,29,10,-3.4229699963e-07
1724978193.13,29,11,-3.363457779e-07
1724978193.22,29,12,-3.6112928115e-07
1724978193.31,29,13,-3.6108900758e-07
1724978193.39,29,14,-3.7669914832e-07
1724978193.50,29,15,-6.8151173593e-09
1724978193.59,29,16,-4.116910759e-07
1724978193.68,29,17,-3.8100793631e-07
1724978193.76,29,18,-3.7940012021e-07
1724978193.85,29,19,-3.8910530975e-07
1724978193.93,29,20,-3.5005916743e-07
1724978194.01,29,21,-3.7646782403e-07
1724978194.10,29,22,-3.7446659462e-07
1724978194.19,29,23,-3.6492360778e-07
1724978194.27,29,24,-3.6865989728e-07
1724978194.36,29,25,-3.2122702009e-07
1724978194.45,29,26,-1.9672548035e-07
1724978194.53,29,27,-3.797068473e-07
1724978194.62,29,28,-3.6350053279e-07
1724978194.71,29,29,-3.3599300764e-07
1724978194.79,29,30,-2.4729877168e-07
1724978194.89,30,0,-5.4294130081e-08
1724978195.01,30,1,-6.4971004576e-08
1724978195.10,30,2,-6.4034033187e-08
1724978195.18,30,3,-6.6174017377e-08
1724978195.26,30,4,-6.9505482259e-08
1724978195.35,30,5,-7.0367235594e-08
1724978195.44,30,6,-8.5023351915e-08
1724978195.53,30,7,-9.0818694787e-08
1724978195.61,30,8,-9.0882309678e-08
1724978195.70,30,9,-9.4537661255e-08
1724978195.78,30,10,-9.1246732836e-08
1724978195.86,30,11,-9.1067406061e-08
1724978195.95,30,12,-9.7377487407e-08
1724978196.03,30,13,-9.7192454973e-08
1724978196.12,30,14,-1.0205658896e-07
1724978196.21,30,15,-7.6653314807e-09
1724978196.29,30,16,-1.2062827182e-07
1724978196.38,30,17,-1.0114271021e-07
1724978196.46,30,18,-9.9997492953e-08
1724978196.55,30,19,-1.0279688922e-07
1724978196.64,30,20,-9.742375795e-08
1724978196.72,30,21,-1.0830873975e-07
1724978196.80,30,22,-1.0855752919e-07
1724978196.89,30,23,-1.0652740201e-07
1724978196.98,30,24,-1.0652742333e-07
1724978197.06,30,25,-9.2206754232e-08
1724978197.14,30,26,-8.333445578e-08
1724978197.24,30,27,-1.0709420906e-07
1724978197.33,30,28,-1.0526078142e-07
1724978197.41,30,29,-1.0478069612e-07
1724978197.50,30,30,-6.9222004129e-08
1724978197.59,31,0,-8.4213567675e-08
1724978197.74,31,1,-9.2096868798e-08
1724978197.83,31,2,-8.6428748602e-08
1724978197.91,31,3,-8.8678703491e-08
1724978197.99,31,4,-9.4294769326e-08
1724978198.08,31,5,-9.3120604561e-08
1724978198.17,31,6,-1.1914187326e-07
1724978198.26,31,7,-1.2338136912e-07
1724978198.34,31,8,-1.1858659121e-07
1724978198.43,31,9,-1.2470005117e-07
1724978198.51,31,10,-1.1838415048e-07
1724978198.60,31,11,-1.1879479445e-07
1724978198.68,31,12,-1.2978973984e-07
1724978198.79,31,13,-1.2771913305e-07
1724978198.88,31,14,-1.3427799672e-07
1724978198.97,31,15,-6.456523316e-09
1724978199.11,31,16,-1.8891151399e-07
1724978199.20,31,17,-1.3559092338e-07
1724978199.28,31,18,-1.3316741843e-07
1724978199.37,31,19,-1.3520337916e-07
1724978199.45,31,20,-1.2295333818e-07
1724978199.54,31,21,-1.3966271695e-07
1724978199.62,31,22,-1.3703686363e-07
1724978199.71,31,23,-1.3195867155e-07
1724978199.80,31,24,-1.3341039562e-07
1724978199.88,31,25,-1.0976059173e-07
1724978199.97,31,26,-9.2530648033e-08
1724978200.05,31,27,-1.4272804094e-07
1724978200.13,31,28,-1.305069901e-07
1724978200.22,31,29,-1.2608822431e-07
1724978200.31,31,30,-7.0511852357e-08
