0.0,0.0,0.0,0.0,0.0,0.0,0.0,0.0,0.0,0.0,0.0,0.0,0.0,0.0,0.0,0.0,0.0,0.0,0.0,0.0,0.0,0.0,0.0,0.0,0.0,0.0,0.0,0.0,0.0,0.0,0.0,0.0,-1.3717561809e-10,-2.6531228603e-11,-4.8997605973e-10,-1.7047349643e-11,-4.8238923966e-10,-3.1378094567e-12,-3.9766639981e-10,-3.7279478116e-11,-1.4539495996e-10,8.1584100586e-11,-5.2411841533e-10,3.2268465677e-11,-3.028276796e-10,3.7958802768e-11,-4.6721526648e-10,7.2100547754e-11,-3.7279374032e-11,-4.170521567e-11,6.556977183400001e-13,6.9784039658e-12,2.352223416e-10,-1.0745963841e-10,1.9855161959e-10,-3.7743447256e-10,-2.1473031686e-11,-2.8457782797e-09,-1.3885892436e-11,-3.9893141568e-10,-2.2737409178e-11,-2.8828592291e-10,-8.8491977634e-11,-4.4866374505e-11,-7.4224926205e-10,4.4496489826e-12,-6.6953920186e-10,-2.0840676407e-11,-6.3350008572e-10,-6.320168694e-11,-7.3023681546e-10,-1.6414744564e-11,2.0888304975e-11,-1.0619506663e-10,-2.2105040021e-11,-3.5382349828e-11,-3.5467356829e-10,1.8464260676e-10,-3.6921557478e-10,2.7442326189e-10,-7.6478989808e-11,1.6462664565e-11,-9.9872485282e-11,-1.5782375407e-11,2.4682048072e-11,-1.8649198852e-10,2.3712035113e-10,-9.9389119157e-10,-9.4596969147e-12,-8.6467943916e-09,7.6111894565e-12,-9.3066465645e-10,2.4188984149e-14,-9.2813629005e-10,-6.2983646076e-12,-5.8544968873e-10
0.06968723687522195,0.0,0.13762401196717997,0.0,0.29275910714255016,0.0,0.25187471548415685,0.0,0.5201519179286899,0.021975828454134948,0.2622617654486363,0.033447812594408224,0.07104428307337715,0.05772135832807593,0.03227764280538293,0.06405424758012948,0.054809013608548306,0.18487025433082188,0.09237596589823541,0.2261357073610363,0.02983281159201333,0.5494525107674018,0.03418769574288069,0.6636836095769924,0.0,0.8587546788664281,0.0,0.4492294677408024,0.0,0.15416745801514525,0.0,0.06360361998427151,-1.365014981e-07,-6.9524462576e-11,-1.0095661196e-07,-3.8544036018e-11,-1.0032310627e-07,-6.699540922e-11,-1.0360898273e-07,-4.1073061618e-11,-1.7093827864e-07,-1.8057568241e-07,-9.8418134087e-08,-2.3906176239e-07,-5.8879184195e-08,-2.5392117209e-07,-8.7775383406e-08,-2.5418859195e-07,-1.7004251163e-07,-2.133832453e-07,-1.122886033e-07,-2.315886718e-07,-1.2387867798e-07,-2.0922243493e-07,-1.9482844493e-07,-2.7598593988e-07,-1.1820797119e-10,-9.5872124461e-08,-1.1757569918e-10,-3.0087437608e-07,-8.7227454426e-11,-2.7494297683e-07,-1.2705952956e-10,-2.4876672455e-07,-4.238933343e-06,-1.63098271e-10,-2.2813703708e-06,-9.5446754667e-11,-8.0880641917e-07,-2.0356299979e-10,-1.5536583078e-06,-2.16208218e-10,-4.2076244426e-06,-5.4291995184e-06,-1.6644138441e-06,-5.0618623391e-06,-1.2097583522e-06,-3.5722421217e-06,-4.3465342969e-06,-3.693099643e-06,-3.3092096601e-06,-5.3442286116e-06,-1.1345242683e-06,-5.3670019042e-06,-3.2073235161e-06,-2.4908531486e-06,-4.3761078814e-06,-2.8657959774e-06,-3.0598967804e-10,-3.8157540416e-07,-2.9397656531e-10,-4.206410722e-06,-2.0229859454e-10,-5.4132524383e-06,-2.0988574767e-10,-5.2139466789e-06
0.0,0.0,0.0,0.0,0.0,0.0,0.0,0.0,0.0,0.0,0.0,0.0,0.0,0.0,0.0,0.0,0.0,0.0,0.0,0.0,0.0,0.0,0.0,0.0,0.0,0.0,0.0,0.0,0.0,0.0,0.0,0.0,-9.8313890362e-10,-2.7163576943e-11,-9.7365449037e-10,-3.7701508582e-12,-7.2454447997e-10,-3.222146161e-11,-7.7322870329e-10,-1.2410628081e-12,-1.193049326e-09,-9.0663559993e-10,-1.0956807683e-09,-7.9725498425e-10,-1.2588049492e-09,-7.4730654998e-10,-1.2164425023e-09,-8.219123715e-10,-1.1064303918e-09,-1.125397886e-09,-9.0220958482e-10,-1.3605991889e-09,-8.5921658677e-10,-1.3353083084e-09,-1.1728177318e-09,-1.3264573884e-09,-1.1356846019e-11,-2.1724206878e-09,-5.0556683839e-11,-1.6824208693e-09,-4.4234088614e-11,-1.5932720698e-09,-6.320174939e-11,-1.7772588956e-09,-5.3470063932e-09,3.8173630923e-12,-3.1284017599e-09,-2.7163216121e-11,-1.8556610692e-09,-4.5498521617e-11,-2.9690727654e-09,-2.4634114193e-11,-6.3839160624e-09,-5.9375442341e-09,-3.6715177565e-09,-4.513056151e-09,-6.9744499065e-09,-3.6007035131e-09,-5.4968594121e-09,-3.6304219631e-09,-4.8728141522e-09,-6.3649592263e-09,-3.4736205023e-09,-6.1025642317e-09,-4.2942986944e-09,-4.6610111326e-09,-5.4829532026e-09,-4.650265506e-09,2.4202861937e-14,-8.3527949002e-09,-2.5266164161e-11,-5.3754680707e-09,-3.4117680903e-11,-6.2005711676e-09,-3.9175780675e-11,-5.8275397841e-09
0.018375215364475794,0.0,0.07019963653586625,0.0,0.0,0.0,0.0,0.0,0.12361275514483147,0.0013517092799522768,0.1275018407623489,0.002359221261336974,0.013566280496183282,0.003090201670079075,0.007524957101573652,0.008921219664126689,0.011931874077901429,0.05757845321117264,0.019316665606111394,0.0857708478762703,0.008463131307770926,0.3548987824000273,0.003913169121977599,0.7033613114954124,0.0,0.0,0.0,0.29651756195650625,0.0,0.027700524182086378,0.0,0.007025075689548562,-8.3582213373e-10,-1.3886156114e-11,-1.0027383368e-09,3.4797387194e-11,-7.6311246211e-10,-5.1189087691e-11,-1.0944165574e-09,-7.3950214008e-11,-1.0406748796e-09,-8.3455803379e-10,-1.588210119e-09,-7.9156425858e-10,-1.3536429755e-09,-7.0620942427e-10,-1.7469091729e-09,-6.8597683089e-10,-1.5319415736e-09,-1.2221339496e-09,-1.5882118953e-09,-1.3093854889e-09,-1.2594373322e-09,-1.6849487361e-09,-7.6184869524e-10,-2.2685258116e-09,2.3675506e-14,-3.7511749262e-09,-7.0788860884e-11,-2.8274445008e-09,-1.036660896e-10,-2.3260624538e-09,-4.3601816602e-11,-2.599830351e-09,-4.327953036e-07,-5.4350121625e-11,-2.3657808867e-07,-1.3907237861e-10,-3.0587493427e-08,-1.4476270183e-10,-1.9072861335e-07,-2.9059872564e-11,-1.1146709085e-06,-1.6692864619e-06,-4.6458762881e-07,-1.1877378938e-06,-3.3383409459e-07,-3.6775963963e-07,-8.9959962679e-07,-2.2315055048e-07,-8.4320794258e-07,-1.18249352e-06,-4.5494800816e-07,-1.2494853081e-06,-6.1131862594e-07,-6.0670430457e-07,-4.8499231298e-07,-7.336204817e-07,-6.2569303905e-11,-1.6705881478e-07,-1.3780786234e-10,-9.6261362614e-07,-1.1441436687e-10,-1.469707513e-06,-1.5677570353e-10,-1.0262602927e-06
0.0,0.0,0.0,0.0,0.0,0.0,0.0,0.0,0.0,0.0,0.0,0.0,0.0,0.0,0.0,0.0,0.0,0.0,0.0,0.0,0.0,0.0,0.0,0.0,0.0,0.0,0.0,0.0,0.0,0.0,0.0,0.0,-9.7343633154e-11,-8.8281049138e-12,-9.2285595832e-11,-1.3253856346e-11,-1.574078784e-10,-4.2337550132e-11,-1.7447887579e-10,-1.7047405154e-11,-6.7627674294e-11,-7.6479232669e-11,-1.3401435517e-10,-9.7975870472e-11,-1.9028539855e-10,-3.5382669017e-11,-1.7574341982e-10,-7.5635470109e-12,-1.1947250134e-10,-1.3970463675e-10,-1.2453052478e-10,-1.1314994081e-10,-1.0809190348e-10,-1.3780787622e-10,-7.5846932901e-11,-2.5287921757e-10,-1.5150408705e-11,-4.754346361e-10,-3.0956813502e-11,-2.9271168822e-10,-3.4750390066e-11,-2.5730512165e-10,-1.8311685501e-11,-3.9450567813e-10,-1.8341635988e-09,-1.894379098e-11,-1.051424281e-09,-2.4634086437e-11,-3.8502179223e-10,-2.8427663001e-11,-9.7555408196e-10,-1.6414758441e-11,-3.1315645632e-09,-3.5823677358e-09,-1.9176238375e-09,-2.4455617531e-09,-3.1031137659e-09,-1.522460491e-09,-3.7271594699e-09,-6.3855909449e-10,-2.9949993596e-09,-3.242847546e-09,-2.4291244571e-09,-3.2820479667e-09,-2.0744270746e-09,-2.281808964e-09,-1.9391219741e-09,-2.9621218811e-09,-8.1952777897e-12,-5.6637841084e-09,-2.4633906026e-11,-2.9690789827e-09,-3.7911292161e-11,-3.6070328946e-09,-4.4016318368e-12,-3.393960446e-09
0.031921289518893795,0.0,0.26943129663718557,0.0,0.024292828300106664,0.0,0.35267395732267803,0.0,0.3675230816198237,-0.012371619498457382,0.5458261024694778,0.03407699644598571,0.17630199092959153,0.05350755753462831,0.034412659323700016,0.3742908267400486,0.06935475566718166,0.12569793749960473,-0.00826915519066385,0.1705356908992078,0.004497739338907269,0.4145421313060202,0.016955887944204617,0.4094332597296437,0.0,0.0,0.0,0.54653560564189,0.0,0.42324251283665854,0.0,0.22315482783542903,-2.4917079511e-09,-4.5498875501e-11,-2.9096312026e-09,1.203617761e-11,-2.3747424027e-09,-3.3486047268e-11,-3.0759186309e-09,-4.929235492e-11,-6.9209050935e-08,-3.371014401e-08,-2.5698170703e-08,-2.6782274176e-09,-1.0977268872e-08,-6.4003389255e-09,-3.9423888154e-08,-8.2104962829e-09,-6.2904149445e-08,-9.3425263969e-08,-5.8490343235e-08,-1.4810250093e-07,-3.7113432327e-09,-1.5115379881e-07,-2.6567317235e-09,-2.0855996752e-07,-9.29177707e-11,-7.6387777881e-08,-9.9240345108e-11,-1.8356227827e-07,-1.3022080636e-10,-2.9979883465e-08,8.3481416224e-11,-2.0209562024e-08,-1.7494076019e-06,-1.5171756906e-10,-6.9128611813e-07,-1.3464658555e-10,-2.567314823e-07,-2.3644058933e-10,-6.2791843902e-07,-2.2063401106e-10,-1.6856572529e-06,-2.2993767743e-06,-6.2059535821e-07,-1.6597176682e-06,-3.9468812929e-07,-8.1960433818e-07,-1.2887738876e-06,-2.4452486969e-07,-1.2292845213e-06,-1.9471674477e-06,-5.3493386076e-07,-2.1943897082e-06,-1.538336619e-06,-1.0769682603e-06,-1.4023887616e-06,-1.6628108597e-06,-2.0735670125e-10,-1.9358101611e-07,-2.1367931036e-10,-1.5024237427e-06,-2.1051799193e-10,-1.5553342791e-06,-2.408666322e-10,-1.6313957758e-06
0.0,0.0,0.0,0.0,0.0,0.0,0.0,0.0,0.0,0.0,0.0,0.0,0.0,0.0,0.0,0.0,0.0,0.0,0.0,0.0,0.0,0.0,0.0,0.0,0.0,0.0,0.0,0.0,0.0,0.0,0.0,0.0,-1.0050490995e-10,-4.2337557071e-11,-3.8944708569e-10,-4.2969801328e-11,-4.0272449264e-10,-7.5636302777e-12,-4.855504887e-10,-3.4750501088e-11,-7.0051908718e-10,-5.1906035026e-10,-6.3223498659e-10,-3.1989855209e-10,-7.9788703422e-10,-2.440274649e-10,-9.7681684963e-10,-2.497178575e-10,-7.7322881431e-10,-8.8134544107e-10,-8.0484219289e-10,-1.0773465453e-09,-1.0077981782e-09,-1.1449975412e-09,-6.6363102513e-11,-1.051424281e-09,-4.6763239114e-11,-1.8543940827e-09,-1.7047169232e-11,-1.4522780756e-09,-4.9292160631e-11,-7.7828798961e-10,-4.9292139814e-11,-1.3138133914e-09,-3.2441045406e-09,-1.8311574479e-11,-1.783582837e-09,-3.1373792453e-12,-7.8081746624e-10,-3.6646942425e-11,-1.7228872773e-09,-3.1588870408e-11,-3.821996053e-09,-4.2620471596e-09,-2.5827633365e-09,-2.5024655681e-09,-3.7309506595e-09,-1.3150793787e-09,-3.0076441337e-09,-7.5426276336e-10,-2.7939393021e-09,-4.434025147e-09,-2.9336704177e-09,-4.2411887335e-09,-2.9052189543e-09,-3.2308344888e-09,-3.2093372404e-09,-3.7827998511e-09,-1.9575813193e-11,-5.1187702965e-09,-1.8311269168e-11,-3.5905938223e-09,-5.6661342285e-12,-3.6348544175e-09,2.1520951687e-11,-3.5185176994e-09
0.016706715089415507,0.0,0.0,0.0,0.0,0.0,0.0,0.0,0.14040369910726036,0.0015066222655017807,0.10439480305120916,0.0017331588484975782,0.013011142699274983,0.004209519067272548,0.006024089579623468,0.0,0.00708961465388096,0.048599602238443125,0.016489809394366187,0.11004196602817401,0.02263766029495927,0.4636364815184139,0.0023410274843687425,0.6340186599886308,0.0,0.0,0.0,0.22036865288397653,0.0,0.0411350117759789,0.0,0.0029242714221536324,-1.9454369227e-09,-6.0890181786e-13,-2.02257322e-09,-3.0956986974e-11,-1.7013851439e-09,-3.5382752284e-11,-2.1686243912e-09,-3.5382669017e-11,-2.3968720342e-09,-1.919513215e-09,-2.8147948417e-09,-2.0813730739e-09,-2.9197504414e-09,-1.7146635223e-09,-3.5128113751e-09,-1.9201484847e-09,-3.2599081212e-09,-2.9981517269e-09,-3.7227234628e-09,-2.9273379276e-09,-3.1233409192e-09,-3.6664506986e-09,-2.1395432093e-09,-4.7937716019e-09,-7.2685683861e-11,-6.6342815686e-09,-9.7975814961e-11,-6.0690426018e-09,-9.2917742944e-11,-6.202449665e-09,1.1446193993e-10,-8.310411026e-09,-3.645332356e-07,-1.0809187573e-10,-1.8676108482e-07,-1.2010469008e-10,-3.22029301e-08,-1.1567891089e-10,-1.9142596841e-07,-1.5677567577e-10,-9.4731791478e-07,-1.3280183566e-06,-4.6113953545e-07,-1.0680262221e-06,-4.0629402065e-07,-4.7618604526e-07,-1.2771380398e-06,-1.8650391098e-07,-9.8050179531e-07,-1.2473719835e-06,-4.3346304324e-07,-1.2925114561e-06,-6.1812988861e-07,-6.5648174541e-07,-1.054087079e-06,-7.8115044744e-07,-1.2326593912e-10,-1.6126483615e-07,-1.7195000979e-10,-1.1196444802e-06,-1.6815641934e-10,-1.1506600686e-06,-9.7975669244e-11,-1.1293520856e-06
0.14759615865787393,0.0,0.0,0.0,0.0,0.0,0.0,0.0,0.9742734306066457,0.01171625156964441,0.6358487373443551,0.014678025343939971,0.09173668477036569,0.02242406068007004,0.09904673400938668,0.0,0.07430701461692824,0.4721720478409239,0.06312220038724563,0.6988619801500758,0.04397373317970384,0.7735788382259476,0.029238149187464015,1.0028622956286621,0.0,0.0,0.0,0.8780096945949053,0.0,0.3395867956669945,0.0,0.15085683490853335,-1.614534284e-08,5.9455176893e-11,-1.5210865456e-08,1.6946744008e-10,-1.1640505448e-08,7.1467970431e-11,-1.5721106195e-08,-3.2221433854e-11,-1.9593695555e-08,-1.4879572241e-08,-1.790557036e-08,-1.4043096463e-08,-1.4839745432e-08,-1.2917667824e-08,-1.9855470157e-08,-1.196486199e-08,-2.5562872707e-08,-2.0836740333e-08,-2.0837365611e-08,-2.4187087888e-08,-1.7703253974e-08,-2.6267841235e-08,-1.377313108e-08,-3.6906275369e-08,1.6630680166e-10,-2.9842023963e-08,1.3153281242e-10,-4.3897195212e-08,-1.0366608266e-10,-4.1406075013e-08,6.3986621557e-10,-3.8489481824e-08,-2.441962863e-07,6.6199462578e-10,-1.9053757683e-07,7.0562139465e-10,-4.6253681774e-08,7.5620160134e-10,-1.7833684751e-07,9.9203367743e-10,-3.0293173836e-07,-4.1831185627e-07,-2.2440357839e-07,-3.2194137134e-07,-2.0785910237e-07,-2.0907255305e-07,-3.3125766663e-07,-1.3805053811e-07,-3.5627891748e-07,-3.5183543901e-07,-2.5797493208e-07,-3.3751598494e-07,-2.6747829907e-07,-3.1784443877e-07,-2.6346867799e-07,-3.8642144773e-07,7.4798345295e-10,-1.5085964833e-07,8.5673246275e-10,-3.4083120681e-07,7.1131367463e-10,-4.3629000857e-07,6.7464211995e-10,-3.7589023805e-07
0.020034870608309524,0.0,0.08971863645371846,0.0,0.0,0.0,0.16905910472548005,0.0,0.2614931867332233,0.0038311443950655444,0.18632228865356834,0.003962361811161742,0.024870435492040068,0.003962116916287499,0.01643052338397103,0.007799375120068007,0.012474836358166246,0.09162496471734512,0.02753538531377114,0.14538856037103443,0.014367360846500211,0.391680694414883,0.0058944244340188405,0.5002244070825588,0.0,0.6596718050092122,0.0,0.243512333089281,0.0,0.08278100646093306,0.0,0.013701054751560974,-2.8596842672e-09,-3.664728937e-11,-3.3990019688e-09,6.0719804185e-11,-2.7054123386e-09,-2.3369917113e-11,-3.8276741776e-09,-1.0429839631e-10,-3.8624485832e-09,-2.8963544896e-09,-6.803088759e-09,-2.8166924348e-09,-4.3688883622e-09,-2.5549378169e-09,-8.0663413726e-09,-2.9469391372e-09,-1.021856022e-08,-8.2610869256e-09,-6.0854778994e-09,-7.453687445e-09,-4.4656274234e-09,-1.1651252407e-08,-3.0550579844e-09,-7.1577885841e-09,4.4281550649e-11,-1.330020627e-08,5.5662183196e-11,-2.1853434617e-08,-1.6878859421e-10,-2.3093935653e-08,4.8749221326e-10,-1.7034334832e-08,-9.156057672e-07,-1.0210764456e-09,-5.6518712199e-07,-9.3951513236e-10,-1.7814149089e-07,-1.04257325e-09,-4.2324919036e-07,-7.6184991649e-10,-1.1040528989e-06,-1.52200505e-06,-7.1157916182e-07,-1.414813255e-06,-4.674568288e-07,-8.0091012933e-07,-1.1534045825e-06,-5.3927283261e-07,-1.0549883882e-06,-1.4633689034e-06,-4.894498602e-07,-1.2888591527e-06,-9.2063760349e-07,-8.2253291112e-07,-9.2906077498e-07,-9.6121198112e-07,-8.9399354586e-10,-2.1768919112e-07,-6.5942429295e-10,-1.1406106069e-06,-8.9083257437e-10,-1.4955078314e-06,-7.5236672448e-10,-1.1963550151e-06
0.05496363935967079,0.0,0.0,0.0,0.0,0.0,0.12504830591423302,0.0,0.871688214790459,0.0033193853341287965,0.38897912822099795,0.004697048089229784,0.0,0.007229324356296649,0.02310998110812987,0.0,0.021500404946538917,0.19487888921203897,0.024262899348914704,0.3569255901416247,0.014022257171420806,0.5571723437179055,0.00785465012940543,0.8180086816931907,0.0,0.0,0.0,0.4970549094635123,0.0,0.11865533316192876,0.0,0.031579169651229005,-2.6560960098e-09,3.1003880019e-11,-3.106897406e-09,-2.9692519277e-11,-2.4050892389e-09,1.3933118548e-11,-3.0424083253e-09,4.997156855e-11,-3.4818272709e-09,-2.717426506e-09,-4.5010324357e-09,-2.5972974882e-09,-3.8605527664e-09,-2.3766397739e-09,-5.1016764147e-09,-2.2843293923e-09,-4.6964032663e-09,-3.9996517209e-09,-4.6028287848e-09,-4.512413998e-09,-3.9503325056e-09,-5.5303490676e-09,-2.8053148693e-09,-5.8300479999e-09,-2.0208529294e-11,-8.4033491277e-09,-3.222127426e-11,-7.1862436002e-09,-1.2408130079e-12,-6.7424044126e-09,1.9728738088e-10,-6.9693801841e-09,-2.0498539754e-07,4.8749276838e-10,-1.1697900959e-07,4.6662856912e-10,-2.2755042295e-08,4.7927334323e-10,-2.1683472085e-07,3.9518388562e-10,-4.1209818846e-07,-6.0347127828e-07,-2.4057172254e-07,-3.9780343286e-07,-1.8156650583e-07,-2.5136651516e-07,-5.2710362297e-07,-1.1600296546e-07,-5.3951680457e-07,-4.1254907046e-07,-2.761328517e-07,-4.5746827482e-07,-4.3834288022e-07,-3.7164684841e-07,-3.1963139691e-07,-4.4404421828e-07,4.3501618974e-10,-1.467733739e-07,2.0803644918e-10,-3.7568466382e-07,2.0297866166e-10,-4.0412231783e-07,3.142560101e-10,-3.6759379896e-07
0.006123919639616541,0.0,0.05775020406553194,0.0,0.0,0.0,0.03816412054623672,0.0,0.19127312709030225,0.0006045566385480631,0.10191363067323989,0.0008783044492020116,0.011096460864865794,0.0020517258058875263,0.007373826763315753,0.0016478634615959705,0.004672485233271112,0.024430155761378292,0.008654849916974981,0.06463637747384379,0.003533768785980742,0.48525393377886317,0.0017436736017581703,0.4116521923935742,0.0,0.5547308539747461,0.0,0.09939875722821477,0.0,0.03183777768009504,0.0,0.009063478268476519,-1.0615381907e-09,-4.9924633871e-11,-1.2392035176e-09,-4.7395594394e-11,-1.0280292173e-09,-8.3434023579e-11,-1.44911394e-09,-4.360201783e-11,-1.5306761414e-09,-1.1841970737e-09,-2.0839032722e-09,-1.1140167677e-09,-1.948599504e-09,-9.3951346702e-10,-2.3317490161e-09,-9.0410690046e-10,-2.0801107503e-09,-1.7981218736e-09,-2.2267963029e-09,-1.935323235e-09,-1.7728319923e-09,-2.5878128529e-09,-1.1310890002e-09,-3.4590712517e-09,-7.4582416631e-11,-5.2559556707e-09,-7.1421091263e-11,-4.4985069003e-09,-2.1472934542e-11,-4.2323282656e-09,-1.8943929758e-11,-4.5427661632e-09,-1.1092810155e-06,-2.6236327e-10,-2.4363106377e-07,-2.598342097e-10,-1.6969889316e-07,-3.0598934497e-10,-5.4285146689e-07,-3.4392511061e-10,-1.3385119928e-06,-2.1158286927e-06,-9.0784732265e-07,-1.7395763052e-06,-4.5002556703e-07,-6.3358817215e-07,-1.0628064047e-06,-8.2582147343e-07,-1.4743077372e-06,-2.068306685e-06,-5.370427516e-07,-1.3672159866e-06,-8.1227324245e-07,-6.0675995428e-07,-9.2612418712e-07,-9.0631408511e-07,-2.1431155461e-10,-2.097384737e-07,-1.966082297e-10,-1.6674674725e-06,-1.5045308055e-10,-1.0082502513e-06,-3.2558977736e-10,-7.3421892921e-07
0.036750699931557204,0.0,0.09796044769344005,0.0,0.1647272039784846,0.0,0.1896117743925508,0.0,0.741362391370642,0.010438237136345454,0.2615576503793102,0.012459542540556992,0.05981501321001699,0.018730138315426692,0.022328885882030688,0.017185352450620257,0.02791148690063121,0.27518645356758026,0.0508692672759829,0.3798569445053312,0.01374761047857632,0.6324392562052471,0.009630358773488262,0.7835026407993876,0.0,0.9635103416954383,0.0,0.6396890715245773,0.0,0.21477208355541613,0.0,0.03644321887503722,-3.8493148224e-08,1.3279674582e-10,-3.3528053223e-08,-6.8259953245e-11,-2.915156827e-08,3.2900709934e-11,-3.1906949971e-08,1.0624218172e-10,-4.5857120767e-08,-3.7220470261e-08,-3.4355704059e-08,-3.710097829e-08,-2.9317224204e-08,-3.4376576252e-08,-3.6789280955e-08,-3.3044404546e-08,-5.0476476332e-08,-5.2986528942e-08,-3.9547831676e-08,-5.5759599604e-08,-3.7669394715e-08,-6.1212858782e-08,-3.6515544366e-08,-7.3917554744e-08,-3.1589092453e-11,-4.3875026279e-08,-1.460272181e-10,-7.9643911022e-08,-6.1305016619e-11,-7.3645047394e-08,1.3026824064e-10,-6.7750448807e-08,-2.1047528662e-06,2.3206161992e-10,-1.3784159592e-06,1.9033277732e-10,-3.3080343087e-07,2.6620344817e-10,-8.0564683458e-07,-5.666425662e-12,-2.0548131943e-06,-2.8685535653e-06,-1.03267962e-06,-2.5158265089e-06,-6.519964586e-07,-1.684810627e-06,-2.4094101718e-06,-1.9743592929e-06,-2.0822410534e-06,-2.765829322e-06,-7.92548974e-07,-2.8101949283e-06,-2.1079631551e-06,-1.3605472304e-06,-2.4217902137e-06,-1.4695589243e-06,1.4607512422e-10,-2.5702738071e-07,-1.1694338553e-10,-1.8603419676e-06,-1.325320409e-11,-2.7795954338e-06,2.6114627127e-10,-2.7547798709e-06
0.004440134264139648,0.0,0.014203164184028198,0.0,0.00898818760008901,0.0,0.016159544528018942,0.0,0.02368738516503881,0.0007746153435677455,0.03208426811059485,0.0007419638874695942,0.00796582597779707,0.0028315394359926553,0.02106566928052483,0.0007580403470412375,0.0022987403987097276,0.007221026947524188,0.004193357735491574,0.009934971052118095,0.0022150059840612265,0.03183247138928523,0.0010379050974080454,0.05919240750404702,0.0,0.3942228540587418,0.0,0.0572559402307975,0.0,0.027121953173182674,0.0,0.0,-1.3391002751e-09,-6.931302754e-12,-1.6558628912e-09,-6.9313166318e-12,-1.2455263487e-09,-3.6014989602e-11,-1.6741978914e-09,-7.5635886443e-12,-1.6628182165e-09,-1.2784040493e-09,-2.1250003979e-09,-1.1570104874e-09,-2.3867536836e-09,-1.0754491742e-09,-2.7243824974e-09,-1.0229713743e-09,-2.0807418011e-09,-1.8556578496e-09,-2.1888597601e-09,-1.9650401306e-09,-1.8569238369e-09,-2.2735822114e-09,-1.3599672499e-09,-2.6415583054e-09,2.5946175763e-11,-4.7526760305e-09,5.0817822173e-12,-3.1846696391e-09,-1.1884022932e-10,-3.1770834852e-09,-2.0840731918e-11,-3.3775118258e-09,-7.6073581567e-07,-2.5351165611e-10,-6.4093870833e-07,2.3828161666e-14,-2.8880813829e-07,-1.125176341e-10,-6.3794004745e-07,-5.3085626173e-11,-1.0498467873e-06,-1.387216912e-06,-7.6871418742e-07,-1.2503904827e-06,-4.8940813713e-07,-3.2149648632e-07,-2.424729928e-07,-1.3788991282e-06,-1.4177360299e-06,-1.665279342e-06,-7.7838114976e-07,-1.7569547026e-06,-1.4501915757e-06,-9.8421344319e-07,-1.4542198414e-06,-1.0125354493e-06,-2.3369417512e-11,-2.3266670723e-07,-9.1020871396e-11,-3.0869119882e-07,-2.4466023651e-10,-2.3291303819e-07,-4.2675193934e-10,-1.2031323138e-07
0.1846206997207165,0.0,0.41269478831600226,0.0,0.0,0.0,0.5494003445724331,0.0,0.8630274662420728,0.008180667922360744,0.41661036689478353,0.00869072098929075,0.14872624586920327,0.010490554071178671,0.10986675312499837,0.01736119057723752,0.10977923033180252,0.36796285273434715,0.043877962111806355,0.3239373893123842,0.010749296730850623,0.5219604960104867,0.02497544522587168,0.46340196684658774,0.0,0.7814861766581371,0.0,0.30110928922368413,0.0,0.1261574683084718,0.0,0.1398840648575092,-7.2753811864e-09,4.6810277876e-11,-5.7984248514e-09,1.7726611845e-11,-4.8512993622e-09,9.5072699713e-12,-4.3480232748e-09,2.4681381938e-11,-5.1048378857e-09,-4.1235725945e-09,-5.6757714084e-09,-3.9882706027e-09,-5.0700670329e-09,-3.3945770639e-09,-5.7737747916e-09,-3.092356371e-09,-6.1487037684e-09,-5.8629225919e-09,-6.0734666185e-09,-6.4686260792e-09,-5.4494275759e-09,-8.2901632226e-09,-4.2101948594e-09,-1.0740180301e-08,-3.0324527611e-11,-1.154378193e-08,-7.5846898206e-11,-1.4630479939e-08,-5.1821165414e-11,-1.2219672385e-08,1.2668796567e-11,-1.0840085274e-08,-6.4446527404e-07,1.795844029e-10,-3.0604982726e-07,1.4228132561e-10,-1.5612174309e-07,-1.2642725755e-10,-2.9748787256e-07,6.0720276029e-11,-7.1267714929e-07,-1.015032808e-06,-6.229616929e-07,-1.0116590374e-06,-3.2705617059e-07,-8.8567423973e-07,-8.7996289722e-07,-4.7914647894e-07,-1.0252778111e-06,-9.8452153452e-07,-4.8724814405e-07,-1.6559147298e-06,-1.1001195617e-06,-1.0266443269e-06,-1.0487635791e-06,-9.2764992132e-07,4.3017575613e-11,-2.3348046341e-07,-3.3485478279e-11,-1.2808993688e-06,8.3481999091e-11,-1.4984318568e-06,1.1572726111e-10,-7.6830781381e-07
0.023426208585885105,0.0,0.09709781649202379,0.0,0.08096321431402712,0.0,0.1246428534619992,0.0,0.31359512044087356,0.006681156472087909,0.21836225053803965,0.008834891896638155,0.03949760195211734,0.010334754774680368,0.022892920496541222,0.015067404120222644,0.0218694219306642,0.09451921581258824,0.028000457745486044,0.1479595787943774,0.015451613275418592,0.3234093313877958,0.007143928627546708,0.5298437098373511,0.0,0.8209028526066656,0.0,0.46316283133569636,0.0,0.03988007651110062,0.0,-0.0233012506189259,-5.4437268027e-09,-1.1314999632e-10,-6.2131886303e-09,-5.2453638655e-11,-4.4966013135e-09,-6.8259974062e-11,-7.7514732411e-09,-8.4066267836e-11,-1.0178722754e-08,-6.4585030657e-09,-1.1012042833e-08,-6.0943272651e-09,-7.738833574e-09,-5.2388804406e-09,-1.0196433031e-08,-4.9764916632e-09,-1.1943365408e-08,-1.1986362125e-08,-1.1184024373e-08,-1.2707137564e-08,-9.4623802127e-09,-1.9943342977e-08,-5.8945373027e-09,-2.6659236596e-08,-1.0176934989e-10,-2.3609214139e-08,-4.1705104648e-11,-2.3611733013e-08,-4.9924377132e-11,-5.5592771275e-08,3.7326808311e-11,-5.1396437328e-08,-1.1062001022e-06,-2.598342097e-10,-7.2107707183e-07,-1.4855626451e-10,-2.5345340759e-07,-2.6426005828e-10,-6.4666949129e-07,-1.5614340376e-10,-1.0522459206e-06,-1.4671149984e-06,-6.7928806402e-07,-1.3011804185e-06,-4.7224324362e-07,-1.0198716609e-06,-1.0742348877e-06,-7.2789651995e-07,-9.6789869986e-07,-1.208676963e-06,-5.6518945257e-07,-1.2114622905e-06,-9.4637306347e-07,-7.9917936091e-07,-1.0870411415e-06,-8.4612435103e-07,-2.0798893163e-10,-2.0885339325e-07,-1.7574355859e-10,-7.61098363e-07,-1.0366597164e-10,-1.2602855577e-06,-1.6689191695e-10,-1.2542038803e-06
0.0725493185342441,0.0,0.20289631196452615,0.0,0.0,0.0,0.20011049736248185,0.0,0.40454899913943154,0.010696241768527825,0.29198991814957753,0.010772916415062898,0.05230638634107759,0.020554096668021896,0.0495351668156731,0.023724456008153805,0.03871359085827689,0.24100049346328856,0.02869230308594827,0.24706759706459205,0.016646695682045246,0.4652503739556987,0.012445071405575506,0.5925292562974054,0.0,0.0,0.0,0.26764018784539617,0.0,0.18813637358531798,0.0,0.026348626884957514,-3.694897055e-09,-1.2621681478e-11,-3.8207179642e-09,6.1351979053e-11,-3.0860340949e-09,-2.4002203003e-11,-4.2847956294e-09,-1.2263376425e-10,-4.9556261317e-09,-3.7593910207e-09,-5.7472155923e-09,-3.6127081326e-09,-4.5819614769e-09,-3.8795215929e-09,-6.650716422e-09,-3.2207072564e-09,-6.6108856167e-09,-6.4325877958e-09,-6.1834746212e-09,-7.0085759418e-09,-5.5904196827e-09,-8.5993399068e-09,-4.3322230248e-09,-1.0093378577e-08,4.1752504232e-11,-1.1417967016e-08,7.1468372886e-11,-1.0807830186e-08,-1.3338208316e-10,-9.0798719654e-09,1.9623677683e-11,-8.9433012107e-09,-4.3759877144e-07,-5.4982421394e-11,-3.2597543509e-07,5.8823487747e-11,-1.2234757207e-07,1.0055251076e-10,-3.0852652344e-07,1.2015249906e-10,-6.1617834035e-07,-7.2466679057e-07,-4.2601172368e-07,-6.4778839715e-07,-3.3676030853e-07,-4.1890203306e-07,-5.7366963802e-07,-3.7706703893e-07,-6.4927775156e-07,-6.2081232954e-07,-4.0295972781e-07,-6.3262922367e-07,-5.0272268481e-07,-4.6893185868e-07,-3.796191379e-07,-5.4938357152e-07,-1.7679066544e-11,-1.9294560616e-07,8.4746515361e-11,-7.0888762593e-07,-7.6478948174e-11,-4.9845601779e-07,-1.7046780654e-11,-4.5843293606e-07
0.006524197635591102,0.0,0.026723725464300418,0.0,0.0,0.0,0.0,0.0,0.2204220704992989,0.0006924718288905707,0.08557291605493042,0.0009842335622280585,0.013365340136101694,0.0013105421001494094,0.004067391382334089,0.0,0.0039803649892282125,0.018644973861023147,0.006023230474251775,0.017403590295992845,0.0022006195861579716,0.045424857480756725,0.0010393844249248323,0.48089845066843584,0.0,0.0,0.0,0.11099918560300945,0.0,0.007256471203112608,0.0,0.0023134674197294734,-7.277056735e-10,6.556699627700001e-13,-9.2497098869e-10,-1.2621764744e-11,-6.5499583535e-10,-3.8544042957e-11,-8.2128015499e-10,-5.6667587289e-12,-9.8187480368e-10,-6.9356359544e-10,-1.5825208921e-09,-6.6764133111e-10,-1.2961076656e-09,-6.0694449466e-10,-1.5793606423e-09,-6.0820931624e-10,-1.3454245495e-09,-1.1329850391e-09,-1.442159836e-09,-1.248688819e-09,-1.0046368182e-09,-1.4800962678e-09,-7.7070061444e-10,-2.0263690725e-09,-3.0324520672e-11,-3.1865681205e-09,-2.1472976175e-11,-2.425325718e-09,-5.5614686467e-11,-2.219210371e-09,-1.3253620423e-11,-2.6301791856e-09,-3.7760858618e-07,1.7726944912e-11,-2.0524409194e-07,-6.6363081697e-11,-1.2154568907e-08,-1.0092274239e-11,-1.4673830151e-07,-6.1937149853e-11,-4.7251450042e-07,-1.1529537005e-06,-2.157611334e-07,-6.6103780227e-07,-2.0395366107e-07,-4.6374839258e-07,-7.1787087563e-07,-3.2244699355e-08,-5.5586968983e-07,-6.0182117068e-07,-3.2726816812e-07,-1.03739319e-06,-7.4168661968e-07,-7.4392113447e-07,-7.2525324413e-07,-9.1174081263e-07,-8.1951390118e-12,-1.9022246533e-07,-6.0672522562e-11,-9.1814717962e-07,-6.383378548e-11,-9.7737961369e-07,2.5531382564e-12,-6.7520551283e-07
0.1261831224474955,0.0,0.2205004458219927,0.0,0.0,0.0,0.248648338274579,0.0,0.5076311181826596,0.043506188746097664,0.354483711394993,0.03598718427156063,0.11702693004265338,0.04348505105844995,0.0815252701290302,0.05446684240824588,0.10005295270824086,0.3999350182333873,0.11100838350723416,0.3338007539121861,0.029045225510928523,0.3779838160266989,0.03943674142997913,0.6963413097984186,0.0,0.8537607423769503,0.0,0.41624482087280884,0.0,0.28213767478573454,0.0,0.14627306137148283,-2.7958242388e-09,-4.866006903e-11,-3.0215421276e-09,-1.0113717502e-10,-2.0845343229e-09,-5.7511662099e-11,-3.3926788046e-09,-3.0324791289e-11,-4.4030312729e-09,-3.5355698369e-09,-5.6865201437e-09,-3.0398796813e-09,-4.6002965881e-09,-6.3086629254e-09,-1.2387840087e-08,-2.8565261267e-09,-1.2797548798e-08,-1.1487497176e-08,-9.5192778105e-09,-1.1877615336e-08,-7.8886879251e-09,-1.4404756499e-08,-4.3625698609e-09,-2.6528358177e-08,-1.0745963841e-10,-1.7282818732e-08,-8.6595217108e-11,-4.5828116413e-08,-3.3485790529e-11,-3.8594414775e-08,-4.360189293e-11,-2.9524656497e-08,-7.7917337649e-07,-1.1820794343e-10,-4.7845725248e-07,-1.4223365541e-10,-1.595315382e-07,-1.9091778158e-10,-4.9663810842e-07,-1.5424661548e-10,-8.4821436985e-07,-9.8371515378e-07,-5.7714851209e-07,-1.1124138837e-06,-4.5702518037e-07,-6.7942193027e-07,-8.1313538658e-07,-4.7152252591e-07,-7.9246427731e-07,-8.4068301476e-07,-5.0027915677e-07,-1.0250607829e-06,-7.5712245007e-07,-7.4691189411e-07,-7.7182409086e-07,-7.5234066799e-07,-1.3401431354e-10,-2.2359508023e-07,-1.7574354472e-10,-8.1460927959e-07,-8.4065997219e-11,-9.7340273442e-07,-6.2569241455e-11,-8.9720504093e-07
0.001961768824205725,0.0,0.007153946891797774,0.0,0.0,0.0,0.006523492494349968,0.0,0.024528504279366464,0.0006480866005744388,0.015719765033647505,0.0004945830417064263,0.005540181516324828,0.0005802024759405822,0.0031809943521433283,0.0025315084741240395,0.0026581304116391055,0.024448386279491592,0.007061230152712105,0.04596512880258866,0.0,0.0,0.004958089994231171,0.0,0.0,0.0,0.0,0.0,0.0,0.0,0.0,0.0,-6.5815691785e-10,-2.3369972624e-11,-7.6121570158e-10,-2.4002203003e-11,-6.1326682621e-10,-3.7701092248e-12,-9.6100971625e-10,-4.7395566638e-11,-9.7302266244e-10,-6.0315102912e-10,-1.6166638028e-09,-5.6015714289e-10,-1.3770364848e-09,-5.2727966438e-10,-1.7007530939e-09,-4.7922821267e-10,-1.3213985461e-09,-1.1076940476e-09,-1.3504827256e-09,-1.2278239536e-09,-1.1361467323e-09,-1.5844184853e-09,-6.7649347235e-10,-1.7557620913e-09,-5.0343479385e-12,-3.7360021743e-09,-3.6014802252e-11,-2.0832735537e-09,-2.8427704635e-11,-1.92836902e-09,-1.2407574967e-12,-2.6131086184e-09,-1.2775680034e-06,2.0888152319e-11,-7.722184705e-07,8.7275048299e-11,-1.1460339344e-08,3.73268777e-11,-7.2117381933e-07,1.1066872418e-10,-1.103946488e-06,-1.3712847249e-06,-7.5933081689e-07,-1.327500172e-06,-5.0123168194e-07,-1.100051918e-06,-1.053144274e-06,-3.6587093177e-07,-8.5856089527e-07,-3.825560384e-07,-3.1796091093e-07,-3.0887591151e-07,-1.7865447433e-07,-1.8895593712e-07,-2.5456955655e-07,-1.85142909e-07,-1.135652683e-11,-1.0184988497e-07,4.175314261e-11,-3.6938633485e-08,1.2037038033e-11,-3.1603637041e-08,-1.451765097e-11,-5.4944241157e-08
0.10491412822750512,0.0,0.1654890451122416,0.0,0.0,0.0,0.21038623146941507,0.0,0.5793764121708009,0.012309747752087572,0.3757763124411391,0.0040932348941955885,0.0737272419865242,0.020656219521448114,0.03824701503295951,0.03595594045604359,0.04350291037576121,0.13747117837658412,0.06371286711342218,0.1542424358429654,0.0242789453849354,0.5325518811764277,0.0064442895903801724,0.3371034259832646,0.0,0.8064502805941188,0.0,0.18043282477523606,0.0,0.09822430999811727,0.0,0.025169419174687378,-1.6907218736e-08,-3.7701369804e-12,-1.6534819736e-08,-9.9872630999e-11,-1.3366574514e-08,-1.6415160897e-11,-1.6727664587e-08,6.7674699178e-11,-2.2007672129e-08,-1.7289735865e-08,-2.0248727139e-08,-1.6885103094e-08,-1.6807337744e-08,-1.5475162485e-08,-2.1748451928e-08,-1.5228589945e-08,-2.6001039544e-08,-2.6599781933e-08,-2.2578614534e-08,-2.781940367e-08,-2.0006588386e-08,-3.0667731465e-08,-1.702295549e-08,-3.9574409527e-08,-4.2969648673e-11,-3.0671575502e-08,-4.4866346749e-11,-4.6350336902e-08,-5.751146781e-11,-4.3775155945e-08,-3.3485811346e-11,-3.9826041132e-08,-6.2907116671e-07,-8.5962931218e-11,-4.5517450076e-07,-2.9397628776e-10,-1.7259020524e-07,-2.2063398331e-10,-3.8716612494e-07,-3.2306041176e-10,-7.0191839541e-07,-1.3185507441e-06,-4.8374732842e-07,-4.0792733671e-06,-3.668896511e-07,-8.223460668e-07,-9.4989019317e-07,-5.1738044249e-07,-8.5194909616e-07,-1.2749241023e-06,-4.2297256186e-07,-2.2540878035e-06,-9.4785855254e-07,-7.6187507148e-07,-3.1581466828e-06,-1.8150118422e-06,-1.4349818556e-10,-2.1423819874e-07,-2.9144758829e-10,-2.6100262858e-06,-1.8522751388e-10,-2.1604455469e-06,-1.9850504573e-10,-2.9300917959e-06
0.03725835707849114,0.0,0.16247596320290106,0.0,0.0,0.0,0.17251374453376056,0.0,0.4045882872529935,0.010422052556778957,0.25357473804225655,0.011694158236599483,0.04234572225394411,0.012976169839284225,0.0464523985606037,0.0,0.040017164700233886,0.12766042064904112,0.03447767975126021,0.03710368446640843,0.006877737257124964,0.3628588707028674,0.009876353741194194,0.4213064928147401,0.0,0.0,0.0,0.0,0.0,0.0,0.0,0.0,-6.1316267619e-09,1.1762257834e-10,-6.5742074007e-09,-1.7679691044e-11,-5.5859890047e-09,1.1825504465e-10,-6.7050853758e-09,1.6883539011e-10,-7.4600086108e-09,-6.4559761981e-09,-8.6935481036e-09,-6.0462701512e-09,-7.6250250558e-09,-5.770605771e-09,-8.8124156861e-09,-5.6125468717e-09,-9.0444576273e-09,-9.102624432e-09,-8.7795388737e-09,-9.4573220366e-09,-8.1447479872e-09,-1.0535948114e-08,-6.3434413278e-09,-1.199459021e-08,7.9687728638e-11,-1.393184057e-08,6.5146013584e-11,-1.7782916473e-08,-7.1421056569e-11,-1.7303037225e-08,1.3469408922e-10,-1.3493679951e-08,-2.9451146588e-07,4.5208631283e-10,-2.016533216e-07,1.5366188877e-10,-5.5790081888e-08,2.3964824569e-10,-2.0623296848e-07,2.1372631442e-10,-3.4970440765e-07,-5.2429402331e-07,-2.9155978609e-07,-3.2184502174e-07,-2.441889535e-07,-2.9874993857e-07,-3.8061980945e-07,-1.6668950309e-07,-3.7028715383e-07,-4.8675104836e-07,-2.8995788171e-07,-2.9579571219e-06,-8.958003832e-07,-3.7527107111e-07,-3.3596651861e-07,-4.5817606065e-07,3.1299129954e-10,-1.3476926597e-07,1.1825623814e-10,-1.8665490131e-07,1.6061726948e-10,-1.869432964e-07,2.2384322174e-10,-1.6372129608e-07
0.019155664710772003,0.0,0.07057873734203775,0.0,0.0,0.0,0.07735809868507434,0.0,0.23365441309740453,0.0018031392911835534,0.1390987341021021,0.00276066863799741,0.01615835743922879,0.00524195601200862,0.012181482884985162,0.0,0.013570948514880044,0.10453758703632796,0.0174399041167269,0.2793611288454526,0.014365345399828089,0.2985438441468934,0.006057453896560512,0.4976177870469992,0.0,0.0,0.0,0.9065932205065855,0.0,0.1283016155354714,0.0,0.013361466808932812,-1.5079134608e-09,-5.4982698949e-11,-1.7525971785e-09,-8.6595348947e-11,-1.4984298247e-09,-4.2337543193e-11,-1.9903281245e-09,-2.2105400843e-11,-2.388020004e-09,-1.7070752589e-09,-3.1682283463e-09,-1.6691401594e-09,-2.6965611966e-09,-1.5344692184e-09,-3.4698173224e-09,-1.4725090036e-09,-3.4483211842e-09,-2.7831847937e-09,-3.3338822814e-09,-3.261803716e-09,-2.7711724027e-09,-3.6986946839e-09,-1.6501743305e-09,-4.9992574525e-09,-7.8375923807e-11,-6.2827476555e-09,-9.9872568549e-11,-5.6890501199e-09,1.013981954e-11,-5.0972563947e-09,-2.1494361846e-10,-4.6287542688e-09,-4.973607588e-07,-1.7827253562e-10,-2.6584876878e-07,-1.0113704318e-10,-4.8411568088e-08,-2.6046642621e-10,-2.9055880191e-07,-1.0809184797e-10,-6.0953311731e-07,-1.5175307908e-06,-4.8388375262e-07,-8.5477819312e-07,-3.7711996015e-07,-4.5010031613e-07,-1.0167231039e-06,-1.9561608156e-07,-6.509426953e-07,-7.0678623842e-07,-3.3367493302e-07,-3.1938924394e-07,-2.8432003774e-07,-4.5537154847e-07,-4.1612977952e-07,-5.5739377558e-07,-2.8575722344e-10,-1.6080579712e-07,-2.0672444312e-10,-2.2105048458e-07,-9.4182134314e-11,-2.5220708721e-07,-1.9028553733e-10,-6.1803069684e-07
0.1274361080409681,0.0,0.2719756694242418,0.0,0.2941613827058125,0.0,0.27556873953668504,0.0,0.4332434692936449,0.01107429582740513,0.31466443231421043,0.009708585599882266,0.07147884334641198,0.013883228879503707,0.04484755859496914,0.026816713720501813,0.05032559418205855,0.17021787239235334,0.06120861426726717,0.23207972044097824,0.02334327660811753,0.4153962512069866,0.030882262351997227,0.4273343573530117,0.0,0.8712005251762858,0.0,0.470858065415975,0.0,0.1954733456641413,0.0,0.1403701971413227,-5.4783363623e-08,4.4281134315e-11,-4.4531894616e-08,-8.02727676e-11,-3.9083079884e-08,1.062420707e-10,-4.6426158917e-08,1.0118403337e-10,-6.8392786545e-08,-6.0950426928e-08,-4.6034173806e-08,-6.3664757022e-08,-3.5332540449e-08,-6.0589435691e-08,-4.7176030193e-08,-5.9345151016e-08,-7.1477586516e-08,-8.2246195632e-08,-5.482833032e-08,-8.7102016266e-08,-5.475999032e-08,-8.8204693327e-08,-5.8540315706e-08,-1.0429955921e-07,2.025592194e-11,-5.6215522903e-08,1.8991294648e-11,-1.2264329996e-07,-3.7698871802e-12,-1.148374551e-07,2.5313917629e-11,-1.1418498502e-07,-7.037931482e-07,1.8274570746e-10,-4.6676822762e-07,7.5262185373e-11,-2.1081611123e-07,1.479716627e-10,-4.8585729928e-07,1.2394615889e-10,-9.3303737003e-07,-1.2227587831e-06,-6.5494640467e-07,-1.5610271475e-06,-4.994220717e-07,-1.1158531379e-06,-1.1419750763e-06,-7.5370559216e-07,-9.4559169384e-07,-1.4169570477e-06,-5.1515058885e-07,-1.3995417021e-06,-1.0209382708e-06,-8.3058762357e-07,-6.7899333089e-07,-1.0306843023e-06,1.5808809817e-10,-2.3179234176e-07,1.0308195963e-10,-8.1805973196e-07,1.6693996185e-10,-1.1083509435e-06,1.5113327256e-10,-6.4093194396e-07
0.006732724101057092,0.0,0.04077108169958452,0.0,0.0,0.0,0.0642186411221062,0.0,0.40005577647913804,0.001749648946601152,0.10231467267879599,0.0020022000349149078,0.020383409483634082,0.004020834868332122,0.009625757012982681,0.011520666836975743,0.0073308630585958556,0.03367643635086182,0.011529827260684715,0.17917689695022201,0.007004158876548779,0.7482147346640728,0.0066047861983440734,0.8877368475997385,0.0,0.0,0.0,0.7828322824544863,0.0,0.037937795844699224,0.0,0.010637754315576014,-2.4955029154e-09,1.1825479485e-10,-3.1397748845e-09,7.9687437204e-11,-2.6794910735e-09,1.0813883122e-10,-3.3345113337e-09,-2.2105345332e-11,-3.2712874631e-09,-2.982974312e-09,-4.6932373543e-09,-2.7718010109e-09,-4.1905927617e-09,-2.589077619e-09,-5.3185456039e-09,-2.4898136886e-09,-3.7676106679e-09,-3.6771978795e-09,-4.0091370224e-09,-3.7378962148e-09,-3.7758312033e-09,-4.0565568682e-09,-2.8900366544e-09,-4.2348542451e-09,1.233134983e-10,-6.7348109312e-09,9.5493946084e-11,-4.9847135308e-09,-2.5224694555e-10,-4.7634243217e-09,6.5778271718e-11,-4.1659391492e-09,-9.8317627817e-07,-1.3274982502e-10,-5.1316555982e-07,-5.1653203936e-10,-1.2494992063e-07,-2.5035035156e-10,-3.56941257e-07,-5.9935856278e-10,-9.1094966592e-07,-1.5416597989e-06,-6.0009193703e-07,-1.355575705e-06,-3.9886600689e-07,-6.2653646182e-07,-1.0721558965e-06,-2.4665169462e-07,-1.0331978046e-06,-1.2921517509e-06,-4.9556371096e-07,-1.2596239003e-06,-6.5614824507e-07,-4.434545815e-07,-4.0417685909e-07,-5.7001352616e-07,-2.0356311081e-10,-1.620619372e-07,-4.324418601e-10,-5.1344170515e-07,-5.5510085417e-10,-6.161092756e-07,-1.2769174607e-10,-5.4805724403e-07
0.0,0.0,0.0,0.0,0.0,0.0,0.0,0.0,0.0,0.0,0.0,0.0,0.0,0.0,0.0,0.0,0.0,0.0,0.0,0.0,0.0,0.0,0.0,0.0,0.0,0.0,0.0,0.0,0.0,0.0,0.0,0.0,-1.8016922676e-10,-1.4518428126e-11,-1.5171754131e-10,-1.3253870224e-11,-1.0303394249e-10,-2.9060219509e-11,-1.1947251521e-10,-5.371805778e-11,-1.574078784e-10,-1.0366615899e-10,-1.1441446401e-10,-9.7975870472e-11,-2.9460825446e-10,-5.8143878601e-11,-1.8333055907e-10,-7.3317921179e-11,-1.9154995645e-10,-1.820660428e-10,-1.6689180593e-10,-1.8080152653e-10,-1.061951499e-10,-2.7564045491e-10,-5.5614735039e-11,-4.0209272023e-10,-3.9176099864e-11,-6.8787431307e-10,-1.2621431678e-11,-4.4382184039e-10,-3.4750272104e-11,-3.7300870726e-10,-6.9524302981e-11,-2.2253074383e-10,-2.8426196952e-09,-8.827827358e-12,-1.8834804827e-09,1.2668921467e-11,-5.3613247175e-10,-1.9576035237e-11,-1.3555433442e-09,6.561695631300001e-13,-3.3263003463e-09,-3.8049225992e-09,-2.3728514709e-09,-2.8558997389e-09,-3.6171428075e-09,-1.4782025604e-09,-3.5463312287e-09,-8.3392798222e-10,-3.213128652e-09,-4.0464480655e-09,-2.6744433335e-09,-3.5880611815e-09,-2.6529456409e-09,-2.4834996282e-09,-1.6362692312e-09,-3.5918552577e-09,4.4499404162e-12,-4.9569113258e-09,1.0772438497e-11,-3.1840496906e-09,-5.0339038493e-12,-3.27003713e-09,1.1404793776e-11,-3.3168199298e-09
0.16705494040145386,0.0,0.2639392544688661,0.0,0.3227923574978269,0.0,0.32163623712170236,0.0,0.6454592411596962,0.04088810386477626,0.40809327511512555,0.06158098275007842,0.1078617304507876,0.08907991354654615,0.0718688004377267,0.11075741728679157,0.08511750971087498,0.3182123147201655,0.10850095207373994,0.38714525297354485,0.061244652748941676,0.5458224847172238,0.06648904801062977,0.6516998922679509,0.0,0.8131556196210878,0.0,0.46979156433025926,0.0,0.23062743343051673,0.0,0.09682014942253815,-7.2946846785e-08,9.1067930974e-11,-5.8078061471e-08,3.1003963286e-11,-5.29548565e-08,7.3997086236e-11,-6.0351673881e-08,7.4629441515e-11,-8.8976634061e-08,-8.1725183065e-08,-5.8454876495e-08,-8.6352059725e-08,-4.4253738452e-08,-8.2870272422e-08,-5.8425193572e-08,-8.126686879e-08,-8.8133276677e-08,-1.045074427e-07,-6.7271834325e-08,-1.0903261227e-07,-6.8529985242e-08,-1.0817520035e-07,-7.9525037222e-08,-1.2431613072e-07,5.8823307336e-11,-6.6004169241e-08,5.9455690371e-11,-1.465238455e-07,-2.143113742e-10,-1.4076776722e-07,7.210070041e-11,-1.3081783834e-07,-8.7849048214e-07,6.9786260104e-12,-6.6133441123e-07,-2.8575689037e-10,-3.4058140841e-07,-2.0166621151e-10,-5.8588898355e-07,-3.135764981e-10,-1.1075296698e-06,-1.3791691345e-06,-6.7580316454e-07,-1.0629028111e-06,-5.4326181953e-07,-7.7103157992e-07,-1.1911293996e-06,-6.7781354574e-07,-1.083384177e-06,-1.4635133994e-06,-5.8671861325e-07,-1.3559368881e-06,-8.9760516175e-07,-9.6742428468e-07,-9.5313941983e-07,-1.0389587715e-06,-2.9777016963e-10,-2.933912242e-07,-3.8122885404e-10,-1.2051351632e-06,-2.4023427692e-10,-1.4020067738e-06,-1.5677568965e-10,-1.4344841475e-06
0.0,0.0,0.0,0.0,0.0,0.0,0.0,0.0,0.0,0.0,0.0,0.0,0.0,0.0,0.0,0.0,0.0,0.0,0.0,0.0,0.0,0.0,0.0,0.0,0.0,0.0,0.0,0.0,0.0,0.0,0.0,0.0,-6.3160227048e-10,-3.7279519749e-11,-6.9672528857e-10,-1.451834486e-11,-3.8059541629e-10,-2.2737700611e-11,-5.5004067967e-10,6.3460903199e-12,-8.3582230026e-10,-5.8608007336e-10,-6.8344763182e-10,-3.7996339408e-10,-1.0994748445e-09,-3.1357608177e-10,-9.4520291594e-10,-2.750082384e-10,-7.5489348106e-10,-7.5995093551e-10,-6.0694471671e-10,-8.13693668e-10,-5.8228627475e-10,-9.6290686535e-10,-5.8481564036e-10,-9.9135877285e-10,-2.0840731918e-11,-1.5117093133e-09,-5.182125562e-11,-1.2505861902e-09,-2.2737506322e-11,-1.1007400547e-09,-2.0208543172e-11,-3.7427339006e-10,-2.2641013508e-09,-3.137462512e-12,-1.4990660935e-09,-3.9175995781e-11,-1.0533224293e-09,-1.9576007482e-11,-1.4851567753e-09,-3.3485672568e-11,-3.3130236332e-09,-3.2845723918e-09,-2.2065653749e-09,-2.2192130356e-09,-4.2797521083e-09,-1.3707184277e-09,-3.5210376836e-09,-9.9262553732e-10,-3.3553892997e-09,-3.6904861389e-09,-2.930510723e-09,-3.1979565662e-09,-2.1167883002e-09,-3.4565517115e-09,-2.5460937803e-09,-3.5223095551e-09,1.8359536114e-11,-6.2132161638e-09,1.5198217684e-11,-3.887123956e-09,-1.0724213184e-11,-4.2519410215e-09,1.5198384218e-11,-4.0394980694e-09
0.1148611653389919,0.0,0.221073329339458,0.0,0.0,0.0,0.3557577097322988,0.0,0.5961981704265055,0.01301080202386854,0.31456810783151984,0.013581862773438294,0.07518314970071255,0.03740659973957938,0.03551856230442064,0.037942788084668735,0.036496713886786825,0.12975462740343632,0.04579617632548667,0.21140222959845908,0.010325968280498641,0.35933411212587235,0.0033480376583168592,0.5219123369265511,0.0,0.7386408519974541,0.0,0.27998787810093156,0.0,0.0813264686166919,0.0,0.03656318382505667,-1.3760463879e-08,-2.5034996298e-10,-1.315855247e-08,7.0203579061e-11,-1.0962716956e-08,-2.5730487185e-10,-1.3945721911e-08,-3.3633734686e-10,-1.7443383626e-08,-1.8432245952e-08,-2.2352878659e-08,-2.186540371e-08,-2.0370755749e-08,-2.0979598503e-08,-2.6561838951e-08,-2.2961117452e-08,-3.4540970972e-08,-3.5528550768e-08,-3.0454689437e-08,-4.0778857624e-08,-2.8715952283e-08,-4.1675392026e-08,-2.6345613691e-08,-5.1489969621e-08,-1.7131762675e-10,-3.9436574895e-08,-3.5340863569e-10,-7.6363811274e-08,-9.3550001079e-11,-7.6339098598e-08,-2.5035018503e-10,-3.7474041648e-08,-9.1836955107e-07,-1.7700800548e-10,-5.6763241219e-07,1.188877885e-10,-1.5927862762e-07,2.2700374913e-10,-4.2802196276e-07,-5.5614610139e-11,-1.0518770068e-06,-1.6749758061e-06,-6.3119063043e-07,-1.1937517002e-06,-4.190502807e-07,-5.3987974979e-07,-1.1127436892e-06,-4.1958196562e-07,-1.0788977534e-06,-2.229225629e-06,-5.6450619468e-07,-1.7543416106e-06,-1.0829651274e-06,-1.0823309822e-06,-1.3586184195e-06,-1.2457422827e-06,5.8823917959e-11,-2.3143081762e-07,-1.5782306018e-11,-1.7346461618e-06,-3.7111264062e-10,-1.9485332814e-06,6.3468119649e-12,-1.3577835034e-06
0.0,0.0,0.0,0.0,0.0,0.0,0.0,0.0,0.0,0.0,0.0,0.0,0.0,0.0,0.0,0.0,0.0,0.0,0.0,0.0,0.0,0.0,0.0,0.0,0.0,0.0,0.0,0.0,0.0,0.0,0.0,0.0,-2.5920154911e-10,-2.2105414721e-11,-2.3201450483e-10,-4.8027769262e-11,-1.5677562026e-10,-2.7163514493e-11,-2.6742108528e-10,-5.6667309734e-12,-3.1800184708e-10,-2.0925317035e-10,-5.1210546914e-10,-1.5361432959e-10,-8.1875173308e-10,-9.3550084346e-11,-6.265446495e-10,-1.2073701761e-10,-4.7986037366e-10,-4.0967951254e-10,-4.2422168556e-10,-4.7543435855e-10,-3.7427300148e-10,-5.2791226945e-10,-2.5856944363e-10,-6.5499666801e-10,-5.0556718534e-11,-1.3365735185e-09,-3.6647074264e-11,-8.6301071844e-10,-1.8311643868e-11,-8.3772005999e-10,-5.4982497721e-11,-9.5089469632e-10,-2.5707462825e-09,-4.2969516834e-11,-1.53573676e-09,-3.6014816129e-11,-9.2434054855e-10,-1.8311546723e-11,-1.2777748859e-09,-3.2221225688e-11,-3.3092317775e-09,-3.907349555e-09,-2.0883323959e-09,-2.4620008254e-09,-4.1754284474e-09,-1.4807315374e-09,-3.0171267706e-09,-1.0830393249e-09,-3.1347284768e-09,-4.0641543464e-09,-2.417111844e-09,-4.2228527342e-09,-2.417111622e-09,-2.9621221032e-09,-2.8027928867e-09,-3.6158818162e-09,-4.1704889542e-11,-6.9902692523e-09,-1.7679066544e-11,-3.8295855376e-09,-2.6530694308e-11,-4.6268691101e-09,-3.9807962482e-11,-4.2961989521e-09
0.06203430774748374,0.0,0.15632260124694602,0.0,0.0,0.0,0.17686980433637378,0.0,0.3562875236148902,0.008038751326015819,0.2962222025538486,0.010237826599463807,0.04387322986961114,0.018812335600553096,0.02729293978331133,0.03805864147991547,0.03127879714422763,0.15327547196625474,0.049223247270025174,0.22395728160599215,0.016658657873942103,0.46071176372431266,0.013636971006552052,0.6125428341363833,0.0,0.0,0.0,0.39040357543788223,0.0,0.11537931842794504,0.0,0.037618596614524054,-4.8266413089e-09,2.0887749863e-11,-4.1317882449e-09,-1.1188546617e-10,-4.6394950104e-09,8.6010018552e-11,-7.6237611779e-09,9.1700314009e-11,-9.3795380351e-09,-7.0894983217e-09,-9.1942862213e-09,-8.112494676e-09,-8.4298941161e-09,-7.3778152476e-09,-1.1475479234e-08,-7.4315535947e-09,-1.2896815171e-08,-1.2033146035e-08,-1.1954117696e-08,-1.3487971628e-08,-1.0351337565e-08,-1.6238313805e-08,-9.2271807972e-09,-2.0181715854e-08,-1.0429838243e-10,-1.7662799223e-08,1.1699083369e-10,-1.9771395188e-08,-8.8278828692e-12,-1.5956345578e-08,2.4049359726e-11,-1.7449739431e-08,-6.164923434e-07,1.6462456398e-11,-3.8049856244e-07,-2.2632433427e-10,-1.2849251618e-07,-3.2938304861e-10,-3.0702298659e-07,-1.9597584666e-10,-8.3673972995e-07,-1.4946957663e-06,-4.5464406639e-07,-9.4125897476e-07,-4.2663705813e-07,-4.9977711569e-07,-1.0437344145e-06,-3.1267316558e-07,-9.1064259777e-07,-1.1727188394e-06,-4.3048518705e-07,-1.2259046116e-06,-7.7739400695e-07,-6.8307991796e-07,-6.9294782179e-07,-8.9037564521e-07,-4.2548717327e-10,-1.9948640784e-07,-2.8765406723e-10,-1.1459820826e-06,-9.6711173792e-11,-1.3160990875e-06,-2.1684062879e-10,-1.2225322052e-06
0.0,0.0,0.0,0.0,0.0,0.0,0.0,0.0,0.0,0.0,0.0,0.0,0.0,0.0,0.0,0.0,0.0,0.0,0.0,0.0,0.0,0.0,0.0,0.0,0.0,0.0,0.0,0.0,0.0,0.0,0.0,0.0,-4.6763357076e-11,-3.0324770472e-11,-1.2200153388e-10,-1.5782930518e-11,-2.2737631222e-11,-1.515063075e-11,-2.5898942713e-11,-3.6647213042e-11,-1.9597570788e-10,-8.1537235297e-11,-2.4655649744e-10,-1.0872419631e-10,-3.1673730305e-10,-8.2801786261e-11,-1.8902085452e-10,-7.8376014012e-11,-2.2253068832e-10,-1.8269830093e-10,-1.2389826665e-10,-2.535113508e-10,-2.5898803935e-11,-2.528791343e-10,-1.2516278292e-10,-3.5087935335e-10,-4.7395448677e-11,-5.0894477521e-10,-2.7163202243e-11,-4.1979592025e-10,-2.9060039097e-11,-3.4835062612e-10,-4.613085608e-11,-4.4445438996e-10,-1.8297380278e-09,-9.4600299816e-12,-1.0330893918e-09,-3.0324465161e-11,-3.666863202e-10,-6.0672716851e-11,-8.2001788693e-10,-4.1704986686e-11,-2.4139479304e-09,-5.0713451216e-09,-1.6229904087e-09,-1.6210935927e-09,-2.9494742204e-09,-8.6743801031e-10,-3.196690912e-09,-6.3602989542e-10,-2.7762352417e-09,-3.2542275541e-09,-2.0225787711e-09,-3.1720333027e-09,-1.8619857878e-09,-2.2350210571e-09,-1.6514423162e-09,-2.7458884055e-09,-2.0208071327e-11,-4.2961962876e-09,-1.26210431e-11,-3.0790927585e-09,-2.5898408418e-11,-3.3130302945e-09,-2.4633933782e-11,-3.1303066805e-09
