-0.00476865454735303,0.0008156676970639943,0.008610371067784976,0.021792599903886132,0.010618318198031943,0.014241569859776287,0.01918746852220125,0.03520289623576402,0.02438649432064943,0.05854877334076703,0.02960480621217898,0.03490766109090131,0.033778663068085114,0.02869629997941174,0.016324710176618854,0.04021310845539067,0.05417246331244793,0.055933648897499404,0.04003554148562588,0.09271404275413464,0.03742400579853766,0.04741422093948374,0.03258320706976112,0.04969948250572689,0.024713154717135408,0.02007787314357111,-0.015115990423221662,-0.07910965332880322,-0.03955322730020471,-0.06483893661140264,-0.038260729440084545,-0.030907403499675436,1.5205442594e-07,1.4926092717e-07,1.3275389676e-07,1.4962522243e-07,1.4509072344e-07,1.312617286e-07,1.182075664e-07,1.4658300529e-07,1.1025486657e-07,1.1311215076e-07,1.1056723537e-07,1.1499178498e-07,1.0927166016e-07,1.3221017525e-07,1.2794174609e-07,1.7143027264e-07,1.6912835576e-07,1.7005953623e-07,1.5119273655e-07,1.7056849799e-07,1.3963091305e-07,1.5522397234e-07,1.4283509131e-07,1.3699350632e-07,1.413198305e-07,1.1573805381e-07,1.0622943591e-07,6.8212443693e-08,1.0671532635e-07,3.6274247606e-08,9.7813995126e-08,1.0304834319e-07,1.62460708e-06,2.1836174255e-06,2.4884341201e-06,1.7858004639e-06,1.9087872261e-06,2.2560402613e-06,2.4859587029e-06,1.4269459143e-06,2.4421126454e-06,1.66977145e-06,2.2726740099e-06,2.1834323434e-06,2.2864012408e-06,1.2435541521e-06,2.2604313017e-06,1.5572023813e-06,2.2733693186e-06,2.0362917894e-06,2.8901185942e-06,1.318159093e-06,3.044186542e-06,1.8440860003e-06,2.1417422431e-06,1.3435619621e-06,1.6206465716e-06,2.1261432721e-06,1.653982963e-06,5.873772011e-07,1.6716588789e-06,5.5748620298e-07,1.3275741821e-06,1.852940386e-06
0.04162995214645641,0.04139347425994852,0.032951237894740394,0.05279261585024947,0.05119042081146214,0.04387265852978887,0.04237914756568449,0.08053527403821192,0.047865851057544775,0.0920986185047686,0.05693036077454075,0.05103803777344533,0.06290840864596751,0.09558000562292196,0.056998867564109164,0.08580718178743532,0.06382178883577712,0.08500413952262403,0.04654561802709359,0.1357657244196932,0.04482835923056118,0.08981188294030962,0.057082096730833094,0.11516908096355798,0.09968314119599708,0.06140537542207799,0.0454765134605278,-0.005892401933673416,0.0004917892936032467,-0.053740903361087694,0.02016477682732241,0.0036123852764330523,2.1417827156e-07,2.0033760961e-07,2.1025105923e-07,2.3871908184e-07,2.173304523e-07,2.2461230742e-07,2.0215955487e-07,2.4174383384e-07,1.998749326e-07,2.2883445183e-07,2.0339724927e-07,2.0932560574e-07,1.9668820528e-07,2.2845860315e-07,2.1012388629e-07,2.3312611575e-07,2.1199208788e-07,2.0944145263e-07,1.9566437004e-07,2.2152956092e-07,1.9015223529e-07,2.2864952598e-07,2.1961520247e-07,2.2405147604e-07,2.2398789667e-07,2.0287106395e-07,2.0588446148e-07,1.6246541179e-07,2.1364635927e-07,1.0784890492e-07,2.1486671642e-07,2.2220633866e-07,1.5237433217e-06,1.7736448399e-06,1.9532010356e-06,1.4901673921e-06,1.5647851797e-06,1.8205387278e-06,1.9173892269e-06,1.2560758478e-06,1.8817380578e-06,1.374862336e-06,1.8053218582e-06,1.7724928512e-06,1.8682333121e-06,1.218857733e-06,1.9343242457e-06,1.4062234186e-06,1.8452066115e-06,1.7050487031e-06,2.3586562747e-06,1.2157520359e-06,2.5735421332e-06,1.5919006273e-06,1.8197121108e-06,1.2234731912e-06,1.4539808717e-06,1.8701244926e-06,1.5732013026e-06,6.8378153628e-07,1.6469858792e-06,6.8913118412e-07,1.3265688494e-06,1.7654774638e-06
0.037637921048704476,0.040929284695040806,0.038782943104475,0.055830513588234695,0.05370389927107299,0.03748994402615415,0.04446433009654222,0.0862278828684812,0.053513866188668276,0.08482417125888433,0.05324801926092881,0.056741198955783494,0.050995628774768785,0.0653738560280265,0.05320511383534952,0.10339124229868957,0.06784616003247747,0.08727964050998101,0.05193407562891946,0.13768561271865218,0.04836156370987003,0.08743426063470891,0.06854987522745237,0.11704278532953999,0.09203083868609947,0.05864917530555195,0.035443884399643535,-0.0010144324509865868,-0.0006418977878545026,-0.024261795019355725,0.025182821729064137,-0.008757381529245111,1.9536356888e-07,1.8915172006e-07,1.7938862129e-07,2.0760217012e-07,1.9925602146e-07,1.9595353251e-07,1.8107176913e-07,2.0792595024e-07,1.6903565836e-07,1.996493495e-07,1.780353216e-07,1.774511702e-07,1.7359333526e-07,1.8882219877e-07,1.6732361985e-07,1.9241971927e-07,1.7829574972e-07,1.7858485535e-07,1.6601077846e-07,1.8218221953e-07,1.6473249786e-07,1.8335050811e-07,1.7877000857e-07,1.7678614483e-07,1.808695913e-07,1.6649093482e-07,1.6481943987e-07,1.1803413713e-07,1.6109461853e-07,7.2810578899e-08,1.6315360085e-07,1.6735269526e-07,1.4935405943e-06,1.7025841998e-06,1.8875371097e-06,1.4449334458e-06,1.493771947e-06,1.7650722839e-06,1.8037712834e-06,1.1824595276e-06,1.795847993e-06,1.3278415736e-06,1.7137982695e-06,1.6877786493e-06,1.773673489e-06,1.1781099829e-06,1.8646692297e-06,1.3425551515e-06,1.7418270772e-06,1.6175049495e-06,2.3406810215e-06,1.1607365877e-06,2.4733801638e-06,1.5451786339e-06,1.75308287e-06,1.1544773315e-06,1.3973743762e-06,1.7963174059e-06,1.5268772131e-06,6.4859870008e-07,1.5855500806e-06,7.5152109957e-07,1.2804891867e-06,1.7234294774e-06
0.07315824073516661,0.07670936424941455,0.06720256942711803,0.10168570297572617,0.09285316322089886,0.07556818437314033,0.08714789558670026,0.15336660260413665,0.08404236110936143,0.144820848258062,0.09229089891469201,0.10112586092126692,0.09384638710482662,0.14316320135643665,0.09143635864806213,0.13787756861520434,0.10434674531648333,0.1204052855188128,0.0638169545263467,0.19265335828051144,0.07460520372960908,0.1303865987361629,0.10662117255853469,0.17922277682688864,0.14495605324839977,0.10005082141949588,0.0822272896292424,0.10114619752110544,0.038472121762352714,0.023304159387982148,0.07771652965935691,0.029302942244111268,1.6968327543e-07,1.7582581791e-07,1.7247702999e-07,1.91476758e-07,1.8569886606e-07,1.8213002306e-07,1.7161524113e-07,1.9678645913e-07,1.7118723861e-07,1.9733013801e-07,1.688043767e-07,1.7625964688e-07,1.7473271896e-07,1.8982852623e-07,1.6852084173e-07,1.9601142753e-07,1.7711569456e-07,1.8529972579e-07,1.7575072775e-07,1.8772898613e-07,1.7391141682e-07,1.9937762374e-07,1.8934851198e-07,1.8720278661e-07,1.8933702961e-07,1.7172534683e-07,1.7456515877e-07,1.1506710251e-07,1.6805255143e-07,7.7796215692e-08,1.7325808699e-07,1.707304591e-07,1.4694803667e-06,1.6384018409e-06,1.8183749262e-06,1.4593631477e-06,1.4686698933e-06,1.7297845716e-06,1.7437884026e-06,1.1671153288e-06,1.7392421796e-06,1.291374474e-06,1.6455960576e-06,1.635672561e-06,1.707165211e-06,1.2402225593e-06,1.8299667772e-06,1.3670036196e-06,1.7374782146e-06,1.5996672573e-06,2.307742534e-06,1.1703371001e-06,2.4491166641e-06,1.5174056216e-06,1.6999341597e-06,1.1435000715e-06,1.3946794297e-06,1.7756168518e-06,1.5260516193e-06,6.5869670607e-07,1.6251049146e-06,7.7270738075e-07,1.2673200445e-06,1.7258587377e-06
-0.018002333455093184,0.0003166637450250251,0.006266765490616322,0.004023555969881874,0.00428714869319681,0.012336088332759317,0.02070434304521734,0.050774088034861053,0.02557898075090492,0.0015674159001579382,0.021723946695254327,0.03915685776906382,0.042683989841157184,0.03944212504259339,0.03070628882273367,0.06977616056346282,0.05122519154614544,0.09296343204845064,0.055032696132624896,0.13055802710254194,0.037629265663083236,0.030646721120562152,0.013101284206495013,-0.019995449406034652,-0.015369174675727452,-0.02375873878259413,-0.06391020073354776,-0.13759408867612774,-0.09569742712469745,-0.09558361557011144,-0.14524958044265032,-0.10878365899629676,1.3900617546e-07,1.3537395205e-07,1.2954966166e-07,1.4421736694e-07,1.368950393e-07,1.311690454e-07,1.2205383371e-07,1.4216418265e-07,1.160328722e-07,1.3365036011e-07,1.1380035403e-07,1.0639710979e-07,1.0580129128e-07,1.1736899097e-07,1.0444790632e-07,1.171202868e-07,1.0750175505e-07,1.119380002e-07,1.0393315364e-07,1.1466795513e-07,1.0466198574e-07,1.173053974e-07,1.1128447142e-07,1.1406073241e-07,1.1233715469e-07,1.0078678514e-07,9.3343118124e-08,5.9727561563e-08,9.3366210763e-08,3.7159175292e-08,9.0329727698e-08,9.4898943814e-08,1.3884895225e-06,1.6133463987e-06,1.8396713131e-06,1.420548756e-06,1.421144475e-06,1.703180601e-06,1.7280219708e-06,1.1202031374e-06,1.7494687654e-06,1.2736351209e-06,1.7106931409e-06,1.6876045947e-06,1.7677335791e-06,1.1809388525e-06,1.9115475425e-06,1.3877439642e-06,1.7974043658e-06,1.6322362626e-06,2.4483331345e-06,1.2239938769e-06,2.5839076443e-06,1.5825481796e-06,1.7605728999e-06,1.131394697e-06,1.4144482066e-06,1.8004859612e-06,1.5368029835e-06,6.0051206674e-07,1.6272977064e-06,7.2371233273e-07,1.2579680515e-06,1.6979173552e-06
0.05817644663821861,0.07439050610712268,0.0695177013752421,0.09171950441535735,0.10029911599036465,0.08489373637305458,0.08486146689483602,0.1417347186497243,0.09922270227267134,0.13369337676761361,0.1011174216515906,0.10499072435198617,0.09324259552098783,0.13697355949575551,0.09052623654078325,0.15542576938990363,0.10744289672359988,0.12965184726744575,0.07103510608864923,0.18124714537768596,0.08023092527654431,0.13622218824326326,0.11045519253690836,0.1751075174442795,0.1432286248426782,0.09157934586634395,0.06770614249997475,0.0458684679885712,0.020289921135203504,-0.03129697800840028,0.06114839212572456,0.01968611403329757,2.0107798093e-07,2.0274949009e-07,2.0141909829e-07,2.1853918497e-07,2.0835391012e-07,2.1214820833e-07,1.9999062317e-07,2.2898487373e-07,1.8632360366e-07,2.276314035e-07,2.0274951851e-07,2.0336256057e-07,1.9993861144e-07,2.0905393683e-07,2.0241414234e-07,2.2110157261e-07,2.0722040972e-07,2.1386610172e-07,1.9436308207e-07,2.1789738014e-07,1.9213052838e-07,2.2284247336e-07,2.1196902367e-07,2.1362900782e-07,2.0993319083e-07,1.984348188e-07,2.001295627e-07,1.4932464865e-07,2.0440373305e-07,1.0330283828e-07,2.0833677183e-07,2.0914082199e-07,1.3761869013e-06,1.5396318531e-06,1.6989866936e-06,1.4180502603e-06,1.400809424e-06,1.6337340867e-06,1.6390897599e-06,1.1433846794e-06,1.6183497564e-06,1.2306441022e-06,1.5514891629e-06,1.5572138636e-06,1.6504267251e-06,1.1778723774e-06,1.7479878807e-06,1.3025312455e-06,1.6573212633e-06,1.5042526229e-06,2.2425936095e-06,1.1868728507e-06,2.3504030651e-06,1.4900542737e-06,1.6660374058e-06,1.1058300515e-06,1.3819196738e-06,1.6981948647e-06,1.4927663869e-06,6.834519013e-07,1.6154098148e-06,7.7692334344e-07,1.3035386246e-06,1.6904452877e-06
0.04717660812396538,0.07470914088699931,0.06797111962389918,0.08560400965783345,0.09294656082242846,0.08241590472732631,0.08838811504482805,0.13943845113999523,0.09213369787831907,0.14402047088170172,0.09312915321225655,0.10942554328134113,0.0985129652560463,0.10216927875419153,0.09663300818068875,0.15446936069066367,0.11200838943638765,0.13503572769358274,0.08207192398507215,0.18116685205867694,0.07680417190397014,0.13705198829858248,0.12034315870120402,0.1658030264332448,0.1378875531960096,0.09440345430151664,0.0605321188111972,0.01680173148602105,0.011068599753413176,-0.02927653517414195,0.036529346801498205,-0.007597030659260578,2.0469865092e-07,2.0567613035e-07,2.0022200431e-07,2.1956306284e-07,2.0976523274e-07,2.0638751153e-07,1.8700013982e-07,2.1560683194e-07,1.9252377115e-07,2.1525980287e-07,1.9080593461e-07,1.8618473518e-07,1.8143045111e-07,2.0177202487e-07,1.8701170745e-07,2.0689651592e-07,1.9182402866e-07,1.9665921513e-07,1.7760162052e-07,1.9475058366e-07,1.6653717694e-07,2.0493587272e-07,1.8678633751e-07,1.9216530234e-07,1.9443827171e-07,1.7866581459e-07,1.7953344411e-07,1.2676774475e-07,1.7538070551e-07,8.0971545913e-08,1.7375536743e-07,1.8268562485e-07,1.3878825484e-06,1.5511810716e-06,1.7142506294e-06,1.4036886569e-06,1.384851771e-06,1.6440467334e-06,1.6027081529e-06,1.1257785673e-06,1.6248152406e-06,1.2494820112e-06,1.5776661257e-06,1.5718482018e-06,1.6692760028e-06,1.2028527863e-06,1.7546796016e-06,1.2937862266e-06,1.6371403717e-06,1.496334562e-06,2.2540573354e-06,1.1678272358e-06,2.3558927751e-06,1.4858713939e-06,1.6613813614e-06,1.1048882698e-06,1.3792312075e-06,1.7277267261e-06,1.4995333686e-06,6.5789868131e-07,1.6086554524e-06,7.6670386306e-07,1.2864995824e-06,1.6924626607e-06
0.3053159936273307,0.3487240249995805,0.3299386477442615,0.36920427095612096,0.4559009420329845,0.4244108902987925,0.5271100465645752,0.6614117894943987,0.6690698355621557,0.799083417736935,0.788395759592402,0.7804081042217428,0.7299346885019591,0.6111236078209868,0.6788061987983448,0.8709376932958929,0.7879973343278782,0.858995613536944,0.6738181025290106,0.8299441546945633,0.6036277502070468,0.8264659895080977,0.7590119393971498,0.8489470827449141,0.6628359882223257,0.4637200479629258,0.23639508922140917,0.3189213103267239,0.03930651585606006,-0.02466834295012335,0.07024027182722187,0.07199729297812975,-5.8123706737e-08,-6.1513048877e-08,-5.3785829124e-08,-3.6382228785e-08,-3.3322560711e-08,-2.8672364039e-08,-2.4230359941e-08,-1.5109229423e-08,-1.6503131306e-08,-1.5016686561e-08,-1.7041033473e-08,-1.5785941443e-08,-1.2396603744e-08,-2.6682711152e-08,-2.0679074453e-08,-1.5768593542e-08,-6.9250836177e-09,-1.9972412613e-09,-6.6185377179e-09,-7.457196638e-09,9.865352979e-09,6.1984195554e-09,7.7079995719e-09,3.404842408e-09,5.3539892519e-09,1.0663528727e-08,-2.0550801061e-09,-1.6502101907e-09,-3.6282881144e-09,-3.4027183293e-09,-1.4478795052e-08,-1.4293713768e-08,4.7701632866e-07,6.9460833174e-07,7.6002316973e-07,6.2362380504e-07,6.105178727e-07,7.3989536986e-07,7.014676271e-07,4.6997180903e-07,7.1099384513e-07,5.4057437637e-07,6.6344540528e-07,6.7202876153e-07,6.9275796477e-07,4.6395035724e-07,7.7161968193e-07,5.6058632936e-07,7.5170032687e-07,6.6935626819e-07,1.1353273521e-06,4.8788416507e-07,1.2591583527e-06,6.9095301569e-07,7.4010404205e-07,3.8301257632e-07,5.7621446103e-07,7.3237674769e-07,4.7037087825e-07,5.413449955e-08,6.1821071995e-07,1.3563396806e-07,5.9000262809e-07,7.6823647532e-07
0.09043536382272394,0.14611213669929285,0.1424125047718675,0.1653399631435088,0.18648143757569102,0.186981271032614,0.23336615774650293,0.33564425627573125,0.3509408302456964,0.44882713697790966,0.42268256248122915,0.4268376923389181,0.3843505467514491,0.308038345515119,0.32715509512712115,0.408222807723212,0.3634714538333519,0.39823893819693706,0.3829398612755942,0.41514109020549245,0.37623230001136226,0.4935456892190413,0.44358624901724736,0.4370343641764483,0.41839697221599953,0.309903121865252,0.2075660362691789,0.10849197095435549,0.06446204692474343,-0.013869626260141193,0.1397777622384186,0.03720473692173574,2.1409159956e-07,2.102395058e-07,2.0110690002e-07,2.2403385458e-07,2.0708725401e-07,1.9972459597e-07,1.9528260964e-07,2.1674632933e-07,1.8779252287e-07,2.1674635775e-07,1.8733568652e-07,1.8846357364e-07,1.9230392923e-07,2.0752121088e-07,1.9267412199e-07,2.1195735656e-07,1.8528821499e-07,2.0174887538e-07,1.8650283096e-07,2.0934314193e-07,1.8758450437e-07,2.1143114282e-07,2.0001390055e-07,2.0119958322e-07,2.0398161382e-07,1.8819179104e-07,1.8701193483e-07,1.3325714576e-07,1.8322919004e-07,8.9606800202e-08,1.9771759696e-07,1.8792002265e-07,1.4366455616e-06,1.5751103319e-06,1.7394387442e-06,1.3755399095e-06,1.4158758859e-06,1.6740235651e-06,1.6679559849e-06,1.1433380678e-06,1.6789568917e-06,1.2788458434e-06,1.628031896e-06,1.6078167846e-06,1.6831736502e-06,1.180706704e-06,1.7344073058e-06,1.2883150475e-06,1.6682637352e-06,1.5016212274e-06,2.2680262646e-06,1.1837385046e-06,2.376379598e-06,1.4912448023e-06,1.6762281803e-06,1.118352543e-06,1.3611336271e-06,1.7361545588e-06,1.4858425175e-06,6.3128203465e-07,1.6123456135e-06,7.41422582e-07,1.3171239743e-06,1.7104620156e-06
0.07224459068540032,0.12279837873418223,0.1329686623038196,0.14342951320577374,0.17895981560453386,0.182735444647485,0.24330173810987443,0.369204016994933,0.40722532700579683,0.5002815770356138,0.4679629701499299,0.45899615671371263,0.4243556422748732,0.34043043303095616,0.4024432589373179,0.4715845192288212,0.4228999904309627,0.43979694166387134,0.4581970532278465,0.5075161306314018,0.4433161135126654,0.5442891046066507,0.5034569595952189,0.5043069544752994,0.4455202743626017,0.3609342006363891,0.2825032922086665,0.15034028209038416,0.0834053221687726,0.029921455548585645,0.17202619731084845,0.03984202242016255,2.1065021372e-07,2.1978860332e-07,2.1344376933e-07,2.3634767388e-07,2.2237392727e-07,2.2167986913e-07,2.1834252095e-07,2.3659056581e-07,2.1156975549e-07,2.4316688041e-07,2.2440985958e-07,2.2601780358e-07,2.2336877237e-07,2.3154713347e-07,2.234671399e-07,2.3003759964e-07,2.1775277048e-07,2.3313769759e-07,2.1285960372e-07,2.2172056902e-07,2.1855670695e-07,2.4478052296e-07,2.3081268807e-07,2.1853945498e-07,2.2743498107e-07,2.1379095472e-07,2.1222932389e-07,1.4884452071e-07,2.0919281951e-07,1.0154453634e-07,2.2443309433e-07,2.1169148567e-07,1.3983045619e-06,1.5176655097e-06,1.6680775161e-06,1.4172986766e-06,1.3763492461e-06,1.6320512941e-06,1.6133805048e-06,1.155530299e-06,1.6192047951e-06,1.2455781189e-06,1.5630279222e-06,1.551887749e-06,1.6613286107e-06,1.1974565268e-06,1.6913166974e-06,1.2743527122e-06,1.628836003e-06,1.4705965441e-06,2.2229471597e-06,1.1766238686e-06,2.3444281396e-06,1.4865599951e-06,1.6384663013e-06,1.11077577e-06,1.3887851082e-06,1.7172064872e-06,1.4887816633e-06,6.8913180939e-07,1.6293799945e-06,7.9528143715e-07,1.300183385e-06,1.6913701302e-06
0.018278144737584462,0.08204384762140077,0.08465978866718234,0.10277184553629072,0.1354206828894074,0.1428931540658363,0.21898531176000052,0.35752253756045027,0.4040661101567163,0.48672038637528864,0.4458798524284403,0.44560927381874293,0.4055350501798149,0.33745793238143046,0.4121803298023413,0.5203651735969198,0.43258782218550224,0.4206168340781806,0.49951256253821025,0.5020360656944477,0.46717057816779445,0.5591334873449723,0.5201229228136832,0.5042369213710193,0.46000987284254913,0.3718211666108855,0.2819557116503118,0.12684098705980332,0.06388922129046944,0.014230752871294725,0.15615887541752144,0.02188177263366179,1.9706403975e-07,1.9332769341e-07,1.9929655082e-07,2.1249529425e-07,2.0453093441e-07,2.0110695687e-07,1.8204347896e-07,2.1139048556e-07,1.9193964818e-07,2.0808218437e-07,1.9086380121e-07,1.8968398763e-07,1.9051098832e-07,1.8378435129e-07,1.8316565331e-07,2.0727239303e-07,1.933220517e-07,1.9532896545e-07,1.8591876483e-07,1.9070191115e-07,1.8382503697e-07,2.0295780701e-07,1.8885111785e-07,1.8472732677e-07,1.8989230455e-07,1.8007699509e-07,1.7608624603e-07,1.1827717117e-07,1.7489483639e-07,7.7998620895e-08,1.797705238e-07,1.7208967051e-07,1.3741516796e-06,1.4979939351e-06,1.6489275367e-06,1.3781133248e-06,1.3535029666e-06,1.6019060922e-06,1.5847687109e-06,1.1292139561e-06,1.598626568e-06,1.2253403838e-06,1.5707190641e-06,1.5522064132e-06,1.6303561097e-06,1.1502669395e-06,1.714817472e-06,1.2329063566e-06,1.6363264876e-06,1.4536564095e-06,2.2279671157e-06,1.160533543e-06,2.3914215035e-06,1.4915232214e-06,1.6525034425e-06,1.1012321011e-06,1.3941123598e-06,1.705568593e-06,1.5166760932e-06,6.1712336219e-07,1.6073144025e-06,7.8191499142e-07,1.2679390693e-06,1.6963959979e-06
0.43603508967871196,0.39850618232296936,0.34985720868052994,0.34070664758860647,0.4992421721145878,0.5540153182603132,0.5554020562326261,0.543748190308029,0.5076480072480695,0.6367837244574305,0.612136621579777,0.6118317529186221,0.6016247403860961,0.6685274209285872,0.6632187166885702,0.6681537030625885,0.6742921956337763,0.6956505377325399,0.5505050472591179,0.5457348394293677,0.5652944746912394,0.6352615281166206,0.5826543408105521,0.6528655047607421,0.5826496336926158,0.5789466406128437,0.35835159302803066,1.4567322316680824,0.3799977675768398,0.5925974550255045,0.24756858119247466,0.3796667310499694,5.4763771296e-10,2.2952950651e-10,4.6088066696e-10,4.8401649355e-10,5.5342175287e-10,3.1050317872e-10,3.5677305554e-10,5.1871995588e-10,5.4763926727e-10,3.5098968176e-10,1.7747514569e-10,3.5098979279e-10,5.9390958818e-10,4.8401682662e-10,4.8401738173e-10,3.7412495324e-10,4.8980186573e-10,4.7823411897e-10,1.0228595748e-10,6.1704596988e-10,3.2785485438e-10,1.8904333654e-10,3.105040669e-10,5.5342419536e-10,5.1293613801e-10,4.6666659426e-10,3.8569303307e-10,7.3850547899e-10,4.0882941477e-10,3.0520286298e-09,2.8158508858e-10,4.3774817104e-10,3.7576386447e-09,4.1046659405e-09,4.5442307695e-09,4.4054226933e-09,4.376503604e-09,4.4863970317e-09,4.5847201591e-09,4.2203414097e-09,4.7061812225e-09,4.0930983047e-09,4.5615813349e-09,4.3591512622e-09,4.1509355952e-09,3.5899094808e-09,4.3996388754e-09,4.2608307993e-09,4.787156449e-09,4.868129011e-09,3.5378520113e-09,4.3475880673e-09,3.5609890592e-09,4.486398808e-09,4.5789416703e-09,4.1856393906e-09,4.0468313145e-09,3.9832075416e-09,2.774394714e-09,1.9415289376e-09,2.7223403531e-09,1.6465555586e-09,1.4730427988e-09,3.2255302873e-09
0.0055325624858439445,-0.005264182424741733,0.011708026821524059,0.022997521771614605,0.035537297591316686,0.03600084332131199,0.06534043216291285,0.12061798341781908,0.12856495702329168,0.14365162782514748,0.14859653727989525,0.17915229379995445,0.19352294065558592,0.1694049530567703,0.22240854391917372,0.2723965969240729,0.259044828283103,0.3007860790544121,0.2954552370705107,0.3191017653634862,0.3290029974770984,0.3649174535409885,0.37493591312528324,0.3982144994778292,0.3808929153133725,0.4442391743894776,0.39274667677196506,0.4249901630754587,0.3012704411944724,0.2535930548563174,0.6265098281485337,0.46401312414453033,9.4019682706e-08,1.0809748119e-07,9.9149950472e-08,8.7680703587e-08,9.7264447163e-08,9.5934119315e-08,8.9120831603e-08,7.3469834661e-08,8.3892288671e-08,9.248704913e-08,8.9317524044e-08,7.9010732179e-08,7.0335033797e-08,6.4105897479e-08,6.914937245e-08,6.0120854073e-08,7.3250149057e-08,6.9883910214e-08,6.856519974e-08,5.2416840646e-08,6.7206059384e-08,6.2532741651e-08,5.7176901436e-08,4.6661924102e-08,5.6251533209e-08,4.6326512404e-08,4.1149966989e-08,2.3596111731e-08,3.8553061188e-08,1.8026309334e-08,3.3688859702e-08,3.5990836977e-08,6.9090094712e-07,8.7726033371e-07,8.8903522055e-07,8.1273083197e-07,8.2052679318e-07,8.6113539055e-07,8.7577365093e-07,6.8101076067e-07,8.6396948973e-07,7.2017843422e-07,7.9436171063e-07,7.6982655628e-07,7.842110108e-07,6.1771294213e-07,7.8806266401e-07,6.824797083e-07,8.0842210082e-07,7.5287459822e-07,8.4329855099e-07,6.0880603314e-07,8.068023476e-07,6.9772022471e-07,7.029428275e-07,5.242642942e-07,6.0779376554e-07,6.1080135083e-07,4.744774742e-07,2.2480847406e-07,4.3174662778e-07,2.115693718e-07,2.9405211421e-07,3.4393113424e-07
0.10817622546685447,0.16318460969767698,0.16667679147003064,0.20634150809251456,0.21811940936804067,0.2289524749801154,0.30334748690161445,0.42328871207071,0.4434975363181041,0.5571002343057976,0.5066299371645049,0.5067766007201139,0.461290816287379,0.42295603214756,0.44361602231760616,0.5816391091715684,0.5023645425400007,0.5357540457037884,0.523690624069692,0.6265973585760014,0.5008936644476125,0.5894084351255309,0.5380829377818227,0.5501008432229124,0.5109888025662256,0.3825864640403133,0.3241568137847587,0.2314011493472872,0.08853222151498828,0.052767206108339286,0.22528159461204875,0.038059717855479624,2.0445567372e-07,2.1623733915e-07,2.0985193316e-07,2.2069086469e-07,2.2502864283e-07,2.272902293e-07,2.146756799e-07,2.4033266754e-07,2.1725527688e-07,2.3402243698e-07,2.1298687614e-07,2.2493618701e-07,2.1767755243e-07,2.2738282723e-07,2.1993898258e-07,2.3803077909e-07,2.2597733107e-07,2.2383721898e-07,2.1845846732e-07,2.2552623591e-07,2.2002583933e-07,2.4579273372e-07,2.2030346258e-07,2.2166855729e-07,2.2945356193e-07,2.1544515505e-07,2.0353621721e-07,1.5153405286e-07,2.1906588188e-07,1.0403159934e-07,2.2910653286e-07,2.213562027e-07,1.5457048903e-06,1.7020119003e-06,1.8910938024e-06,1.5063750425e-06,1.509145136e-06,1.7701102024e-06,1.8135934852e-06,1.3540644659e-06,1.8335929326e-06,1.349738568e-06,1.7756694888e-06,1.7568074782e-06,1.8511240114e-06,1.1993489579e-06,1.8947112039e-06,1.3573097704e-06,1.8290885464e-06,1.6305248209e-06,2.5552612897e-06,1.2699341596e-06,2.7107691949e-06,1.6228607365e-06,1.8494123424e-06,1.1931025483e-06,1.4789249008e-06,1.91742879e-06,1.6610574676e-06,6.2580460281e-07,1.7431987089e-06,7.0895833915e-07,1.37679001e-06,1.9285218968e-06
-0.04973949123719497,-0.0532162116860789,-0.048825918231885305,-0.028787816602827566,-0.027282536960801216,-0.02138687925902253,-0.007051967755760337,0.02603103973605795,0.019485832895155777,0.03830330343261335,0.0426792661828007,0.05320176489532853,0.05417641825308137,0.05395322683668967,0.08270660718200881,0.12282208797617442,0.1151560297541979,0.13806850898342826,0.145695439677381,0.18925405556306027,0.17096128317215475,0.2313793725082658,0.23452249306810027,0.27933732572877723,0.2858833720667978,0.2695960071108489,0.25145088798914966,0.2931099370201356,0.1848935933410042,0.15119865287354625,0.362107358606553,0.20869831369648478,9.3452861449e-08,9.8479027599e-08,9.8461626408e-08,8.2776004717e-08,8.4262424593e-08,8.4274013545e-08,8.0225269983e-08,7.032926419e-08,8.342955482e-08,8.003451768e-08,7.5141336708e-08,7.2741102031e-08,6.6627606543e-08,5.6332471132e-08,6.2006378698e-08,5.9403660657e-08,6.7049860775e-08,6.1063644807e-08,6.1647789096e-08,5.5777231722e-08,6.6037742386e-08,6.3550643858e-08,6.051418211e-08,4.2977667647e-08,4.3370945946e-08,4.3527105476e-08,4.0247730482e-08,2.5533704928e-08,3.4926603831e-08,2.2491409624e-08,3.5904083262e-08,3.1178707616e-08,9.0952261189e-07,9.914384691e-07,1.045533395e-06,9.2399949381e-07,9.2949994723e-07,1.0364936998e-06,1.025082156e-06,8.2909281218e-07,1.0056370456e-06,8.4514272203e-07,9.7619260941e-07,9.7082477168e-07,1.0168814697e-06,7.701736422e-07,1.0252389302e-06,8.280173347e-07,9.9878423043e-07,9.2556115305e-07,1.202402018e-06,7.555005368e-07,1.2207896134e-06,8.9732441211e-07,9.3618638175e-07,6.9577680506e-07,8.2271981228e-07,9.1104391231e-07,8.0141785475e-07,3.7274631381e-07,8.0473796515e-07,4.0888355102e-07,5.883316021e-07,6.9370054234e-07
0.20981084650846513,0.23904329178497416,0.2345149175195123,0.2789761258657731,0.29468305971567965,0.31096579508681116,0.38528714699082006,0.5895978854371159,0.5906884462280964,0.7342451840762801,0.6768372060473201,0.7124148160415791,0.6219842376276525,0.5726261568263322,0.6023918585047622,0.7893476133411013,0.7313613050108598,0.7439082541719231,0.6817606156078547,0.8126650658568172,0.6592707675950179,0.7797939501484501,0.71278842061649,0.730579574856529,0.6443336285309463,0.4587836376849273,0.33788545263437425,0.3761914964978743,0.11525368407223892,0.05973317954097175,0.21468009586460718,0.05367623268844256,-5.4971479813e-08,-6.1379992644e-08,-4.9419014658e-08,-3.3941432775e-08,-1.2645304359e-08,-2.9088790043e-08,-2.3941149507e-08,-1.1216701346e-08,-1.3645913732e-08,-1.3246830299e-08,-1.068458122e-08,-1.541577177e-08,-7.5960056023e-09,-1.6381678236e-08,-1.4820035865e-08,-2.9631435083e-09,-1.6733452401e-09,5.3655551113e-09,4.16251833e-09,-8.8674506626e-10,1.1536885225e-08,1.3665313325e-08,1.4671692306e-08,1.126503868e-08,1.4261053671e-08,1.5585555957e-08,2.9768416621e-09,3.7412606346e-10,5.9497171634e-09,-1.5518846208e-09,-6.0912191957e-10,-6.3293450481e-09,7.9163123701e-07,9.5660220722e-07,1.0492357205e-06,8.4182909177e-07,8.482606404e-07,1.0003161606e-06,9.9847136426e-07,6.6768461693e-07,1.001802616e-06,7.3570805625e-07,9.6124188076e-07,9.5060488547e-07,9.9253156804e-07,6.0912998379e-07,1.0332552165e-06,7.2702653142e-07,1.0054818631e-06,8.8443840696e-07,1.5281746073e-06,6.4722161142e-07,1.6342891058e-06,9.2040238542e-07,1.0166273796e-06,5.7573436152e-07,7.8120353919e-07,9.8567818441e-07,7.0717698009e-07,1.344251217e-07,9.5175067827e-07,2.4303321311e-07,5.6688537597e-07,1.007198648e-06
0.06398171312279896,0.1120072142053691,0.1110710362053069,0.12952618866767548,0.14483286126431852,0.14718352161508147,0.19896058467030062,0.33127013066771105,0.35820228899868284,0.4455907070993839,0.41878521158858883,0.42850411719542386,0.3796042207973811,0.34307275040517676,0.3701663658135106,0.4668760201394203,0.43858845185640466,0.448689095282928,0.455429211141707,0.4951755072320499,0.4505565138597148,0.5316928281216694,0.47499749017270454,0.4849192476709067,0.4444138528791831,0.32963799941871164,0.24926338873945486,0.15843117057314382,0.07048766232661169,0.020720991223282394,0.17764999375794674,0.03809129614200453,2.0935448219e-07,2.1685612239e-07,2.0811104662e-07,2.272265931e-07,2.1995050759e-07,2.1656121874e-07,2.0340887374e-07,2.2767765984e-07,1.9590146394e-07,2.2770085195e-07,2.0376162979e-07,1.9201479518e-07,1.999732433e-07,2.1508068926e-07,2.0211908236e-07,2.1900207514e-07,2.0417220981e-07,2.0904244025e-07,1.9556031816e-07,2.051614274e-07,1.8834219873e-07,2.1130368566e-07,2.0949927659e-07,2.0409734702e-07,2.0768311515e-07,1.9213067048e-07,1.9011778818e-07,1.3359839102e-07,1.9416646069e-07,8.8669793286e-08,2.0267449941e-07,1.8469836505e-07,1.4266390735e-06,1.4740725192e-06,1.6593215832e-06,1.3582462088e-06,1.3633824665e-06,1.5951505929e-06,1.6108014051e-06,1.1578611065e-06,1.6250115777e-06,1.241194127e-06,1.5891413341e-06,1.5740739627e-06,1.6502589233e-06,1.107531034e-06,1.6641170077e-06,1.2271335663e-06,1.6316935216e-06,1.4431296904e-06,2.2220156097e-06,1.1631650523e-06,2.360692406e-06,1.4682079836e-06,1.6517747099e-06,1.0923831724e-06,1.3640651559e-06,1.7169348894e-06,1.5166593812e-06,5.7996231817e-07,1.6310038973e-06,7.2115631156e-07,1.2922948827e-06,1.7137126633e-06
0.030155950590695733,0.04997129349809761,0.06647108038124673,0.08678002958658894,0.09112936372197143,0.10907563697820728,0.16062984555603976,0.26729366912112956,0.3078552778390198,0.409107760498716,0.37746766052047165,0.37461765368477057,0.3392584812192402,0.30132773179337663,0.33065911031522427,0.4380565333952891,0.41511630607783234,0.4073802897007527,0.4281797330159239,0.4849223832085898,0.4217687415939738,0.5010050338599191,0.4491063879451269,0.4449681737363877,0.4049569837653825,0.27682439865950076,0.19287751816849344,0.09957808398597028,0.04286168439809156,0.00399734985008082,0.11992503180931506,-0.0017617254712920328,2.0387150812e-07,2.1630091851e-07,2.1158713537e-07,2.2368686814e-07,2.2680434597e-07,2.1588456889e-07,2.1557798391e-07,2.3641131008e-07,2.1715696619e-07,2.3945915473e-07,2.207429759e-07,2.2460650939e-07,2.2065624705e-07,2.1893843893e-07,2.1733606559e-07,2.3661942805e-07,2.1424780527e-07,2.3129850035e-07,2.1177235965e-07,2.2442159775e-07,2.0239689036e-07,2.4058721237e-07,2.2792069387e-07,2.1552031626e-07,2.2065628968e-07,2.0362878672e-07,2.0493004627e-07,1.4937670301e-07,2.1560123287e-07,1.0380602333e-07,2.2170324598e-07,2.1784542525e-07,1.3216341586e-06,1.4127124359e-06,1.5468617676e-06,1.3144513105e-06,1.2975622212e-06,1.4974508531e-06,1.4743042129e-06,1.1008796719e-06,1.4970053144e-06,1.1808915588e-06,1.486617407e-06,1.4822337562e-06,1.5668395008e-06,1.0973456028e-06,1.6082044567e-06,1.1825932233e-06,1.5635945374e-06,1.399409939e-06,2.1579544409e-06,1.1155990478e-06,2.2573140086e-06,1.4085528619e-06,1.5705985561e-06,1.0561126373e-06,1.3222193047e-06,1.6528725837e-06,1.4576879721e-06,6.1130458562e-07,1.5797021433e-06,7.417987149e-07,1.2695065834e-06,1.610298682e-06
0.09044505709412755,0.07270959409223719,0.07364612333527007,0.11349393262907083,0.11347466409251597,0.11631985745108227,0.15555670344302855,0.2630707499419433,0.266012466519312,0.38416627592156877,0.3674928441233308,0.3683120150487599,0.3272499211172274,0.2660791366687764,0.3041192916016337,0.41091537467217676,0.3978835978031244,0.3846102777031553,0.4125040902418892,0.430998004934649,0.3920870193043678,0.4514957865537294,0.39576781309728526,0.3729371014193445,0.31116719189311476,0.20539738035273863,0.16772600898488849,0.04223285867945102,-0.01364611563981496,-0.007384517964587306,-0.03843680862405083,-0.03091770030457579,-4.1107625748e-08,-4.2368505149e-08,-3.5757558692e-08,-2.6462924296e-08,-2.6630649685e-08,-2.3802359195e-08,-2.348424033e-08,-1.6410595549e-08,-1.9308297183e-08,-1.783342185e-08,-1.7214548009e-08,-2.0771606657e-08,-1.6769194033e-08,-2.0158536174e-08,-1.6485786958e-08,-1.0777119641e-08,-2.6450317492e-09,1.7969432609e-09,4.775602136e-09,-1.7658872142e-09,9.5125445299e-09,1.3416617151e-08,1.7442150835e-08,1.3520731201e-08,2.0021726499e-08,2.4764444717e-08,1.8338646157e-08,-1.9591725575e-08,-4.9106741784e-08,-1.46754493e-08,-6.282601106e-08,-5.272163861e-08,8.5557678631e-07,9.7797919807e-07,1.0907514252e-06,8.9247180313e-07,8.8863737346e-07,1.0589702697e-06,1.0205658327e-06,7.3250930654e-07,1.0165286994e-06,8.1093816107e-07,1.0116117437e-06,1.025128995e-06,1.056691417e-06,7.0888256687e-07,1.1025620097e-06,8.1260373008e-07,1.0862170257e-06,9.7896918305e-07,1.6185698541e-06,7.6314654507e-07,1.7286122329e-06,1.0173328064e-06,1.1255704067e-06,6.6715261937e-07,9.3398244871e-07,1.163373895e-06,1.0827765209e-06,2.5390099267e-07,1.0766104879e-06,3.4795701254e-07,7.5636228303e-07,1.1175948202e-06
0.10303398965659637,0.07757436811216474,0.10377308355208743,0.09073664989319324,0.10868119578747919,0.11835388445613593,0.12419103258847447,0.12753223808499642,0.17876258106151327,0.18079710389290168,0.184122262477901,0.21399132142905664,0.22781856476210122,0.1820663930815806,0.2086324903769943,0.20024866644272252,0.23146961877364436,0.23982688142999015,0.15218807737531476,0.18114970204460154,0.16349994471450752,0.22075515991516892,0.21568563411678204,0.17725255998878775,0.1490879302530109,0.1269063337509692,0.08098508115465014,0.07601612259095851,-0.01309393238809363,-0.07143019687135001,0.04276237567208253,0.04316963543652261,1.9482526703e-10,1.2542067385e-10,6.179834422e-11,2.4109647612e-10,2.063935689e-10,1.7169099475e-10,1.774747016e-10,1.8904322552e-10,1.0806955331e-10,6.7583716401e-11,3.8664071944e-11,8.4933948763e-11,2.9315172512e-10,1.369888647e-10,2.8158408938e-10,2.7580027151e-10,1.7169154987e-10,1.0806933126e-10,2.468818483e-10,5.0136939045e-10,2.2374668784e-10,1.3698964185e-10,1.4277312665e-10,5.1293724823e-10,1.8326007378e-10,3.9147762809e-10,5.023303995e-11,9.7458707771e-12,-6.5443317432e-11,6.57532917e-10,-1.0014677976e-10,-1.9847157251e-10,8.3904581061e-09,8.9977527651e-09,9.2580254574e-09,9.4199723577e-09,9.4662402361e-09,9.3100762655e-09,9.1192129403e-09,9.8942400939e-09,8.7143536831e-09,9.3447853899e-09,8.7085654243e-09,8.5176994347e-09,7.9855935198e-09,8.5871016964e-09,9.12499587e-09,9.5472127981e-09,9.6918109094e-09,9.489377284e-09,8.835802312e-09,9.9520862662e-09,8.7490530376e-09,9.7785681774e-09,9.2869463231e-09,1.0073543777e-08,9.0671647968e-09,8.7316962549e-09,6.6206204963e-09,5.4118070025e-09,7.0023489229e-09,6.0827254345e-09,5.1746695817e-09,8.7779721269e-09
0.02951139088702968,0.07514708479141205,0.07033274948604148,0.0767700308255314,0.09479383678834834,0.09872176831112142,0.1343809392518031,0.18579392496782263,0.19784906076456585,0.27974612185632597,0.26114326207448796,0.29649733891687696,0.2788776222745302,0.22960420659172276,0.26142684822884554,0.3625311992565048,0.3357132152862679,0.33761748945818165,0.32395783160398456,0.3691847985871743,0.31610337803570837,0.39332015834645934,0.32786739866330794,0.2927411931103883,0.26687220868431194,0.17007626262797157,0.09866845470426508,-0.03613831800856764,0.0736957114466193,-0.07377261361699622,0.04698442840090315,-0.012794366083439961,2.2993906157e-07,2.2363479957e-07,2.2507484232e-07,2.3912377856e-07,2.3863222509e-07,2.2748665174e-07,2.0800112566e-07,2.4340957339e-07,2.0861425298e-07,2.379844517e-07,2.2342094042e-07,2.1365774217e-07,2.1128045091e-07,2.3134472826e-07,2.1648018844e-07,2.3557262807e-07,2.2307956726e-07,2.2947074285e-07,2.1136747819e-07,2.2598317173e-07,2.027554018e-07,2.399625032e-07,2.1445029574e-07,2.1823869645e-07,2.26445934e-07,2.0413776269e-07,2.0650912802e-07,1.4146436911e-07,8.4858250204e-08,9.6038348829e-08,2.1397025307e-07,2.0873582685e-07,1.5976931991e-06,1.6917553012e-06,1.8531471824e-06,1.5211581967e-06,1.4858765098e-06,1.7696007717e-06,1.793210572e-06,1.2590255665e-06,1.8160044419e-06,1.3506754613e-06,1.7079283907e-06,1.7190736799e-06,1.7942633121e-06,1.1654959735e-06,1.8330728153e-06,1.3337405562e-06,1.8071907562e-06,1.5969314973e-06,2.4796370326e-06,1.3372115291e-06,2.6206639632e-06,1.5996910179e-06,1.8229912939e-06,1.2236870361e-06,1.4620144384e-06,1.8462305889e-06,1.5828030655e-06,5.8416725324e-07,1.6821215922e-06,7.1728675266e-07,1.3395822407e-06,1.8348436015e-06
0.5172401011405002,0.3581064497598005,0.28113089198444763,0.33606417381886944,0.34136273210574203,0.4180653330656741,0.46182336845471444,0.47126227707316215,0.43089266079998384,0.4354467482960012,0.4690602089311013,0.616251957408103,0.6167126121882694,0.7782077795652579,0.7053565743635472,0.6239480006447962,0.4563617736680495,0.5557753386926247,0.5261690111526451,0.5648130197659441,0.37066448839245303,0.5261367796585551,0.5485134445656852,0.40464938712717097,0.44491351239620985,0.5011809751900257,0.3766774829718689,1.5000575569398504,0.12499426976704987,0.5126128849107321,-0.1915108514831023,0.41413659615648296,2.8158331222e-10,2.9315094796e-10,1.4855594532e-10,2.0060975103e-10,2.1217794188e-10,3.2785330006e-10,7.9150352938e-11,2.1796220384e-10,1.7747525671e-10,2.5844859586e-10,3.2207081446e-10,1.2542111794e-10,3.9147596276e-10,4.3774650571e-10,2.0639445708e-10,2.468818483e-10,3.7990810497e-10,3.3363800611e-10,7.3367312226e-11,3.509893487e-10,1.8325962969e-10,9.0718987877e-11,6.7583938446e-11,3.856936992e-10,7.9151574184e-11,2.6423319088e-10,1.7747658898e-10,8.0212747555e-10,2.3531410154e-10,1.3053185199e-09,6.7583938446e-11,2.4109847452e-10,2.6297974909e-09,2.8611497616e-09,3.2139595429e-09,3.0230962178e-09,3.0925029204e-09,3.0809343965e-09,3.1850435622e-09,2.7339079889e-09,3.0230979942e-09,2.9016369307e-09,3.2197473576e-09,2.6876356696e-09,2.3984481068e-09,1.9241770399e-09,2.7975255446e-09,2.9999622786e-09,3.5609917237e-09,3.237097923e-09,2.172879654e-09,2.8495847904e-09,2.3521771197e-09,3.5205032223e-09,2.9883959751e-09,2.8727205059e-09,2.8090998416e-09,2.710770497e-09,1.4672594251e-09,7.9055406665e-10,1.1144476453e-09,6.1704086285e-10,3.3941838229e-10,1.3862857529e-09
0.04500232861762596,0.07378315799560684,0.08074322104108532,0.09402138656929998,0.10046536738099736,0.09044780606330977,0.11807238844543616,0.1685399480192465,0.1611918136347553,0.24326536211036612,0.17640467348721994,0.20817452819293064,0.18455727126698637,0.21145731523143627,0.22406984212637202,0.306158481217563,0.2702352943519623,0.28929569911445724,0.23403648389378157,0.3041850647202593,0.22585879462542163,0.26118059303007235,0.23047212751449783,0.23647109009020806,0.21805510202658676,0.14535427498117626,0.10055589232718107,0.05933378247181187,0.01837216066538249,-0.0333721989790343,0.05332229465217967,0.0015706825507074485,2.3396461302e-07,2.3970213192e-07,2.2223512985e-07,2.5091696898e-07,2.4191169246e-07,2.3494197876e-07,2.1770065928e-07,2.4766649176e-07,2.1942987871e-07,2.3198094823e-07,2.2398762667e-07,2.1136159489e-07,2.2207328243e-07,2.3383142889e-07,2.1962097208e-07,2.4107882268e-07,2.2591946447e-07,2.3158185058e-07,2.0993304872e-07,2.2635337871e-07,2.0707010151e-07,2.4586211111e-07,2.3080693268e-07,2.2647495257e-07,2.3103238789e-07,2.1412061812e-07,2.116797333e-07,1.421410758e-07,2.1355377555e-07,9.8160967354e-08,2.2738292671e-07,2.1786847526e-07,1.4880682784e-06,1.6231788322e-06,1.7961941694e-06,1.4499713643e-06,1.4675082411e-06,1.6943141645e-06,1.7179114593e-06,1.2233977031e-06,1.7223535451e-06,1.3086329318e-06,1.6492700752e-06,1.6198357571e-06,1.7049222834e-06,1.1121574062e-06,1.7442281433e-06,1.3162100458e-06,1.7374030676e-06,1.5368796085e-06,2.323600711e-06,1.3406692005e-06,2.4860496524e-06,1.5924611034e-06,1.732711894e-06,1.2075845461e-06,1.4370688177e-06,1.7985905743e-06,1.5263642581e-06,5.7659570984e-07,1.6389808479e-06,7.3613051654e-07,1.3263669416e-06,1.8375909576e-06
0.1983034997072926,0.14678807037307867,0.1512377726291493,0.17948578872542018,0.19686984631061102,0.16331555512420018,0.20463179751327654,0.1808639537399044,0.2291127711152042,0.144066037315537,0.21241259921870154,0.22617244672636078,0.22750246215417685,0.24242284209792594,0.21091325687845225,0.27621705681208264,0.2808833637827865,0.27889318778865574,0.10835765918471037,0.2149515704759134,0.19781815555250504,0.24676873568321783,0.17110138428809632,0.27799125261640417,0.20850334938420143,-0.005699188266692509,0.05999769825323043,0.17462708491441367,0.11478867975767189,1.8092032767872621,0.20057101209912098,0.06148008649099856,4.6666537301e-10,2.2952817424e-10,2.295289514e-10,2.584488179e-10,2.1796175975e-10,3.8569181182e-10,3.1050284566e-10,3.4520453163e-10,2.1796175975e-10,4.6666592812e-10,3.7990877111e-10,2.7001612057e-10,4.6088244332e-10,3.8569236693e-10,5.0715176503e-10,4.0882786045e-10,3.1628644148e-10,3.1628732966e-10,2.6423341293e-10,4.1461245548e-10,6.1799454443e-11,2.9315294636e-10,3.91477184e-10,3.7991032542e-10,2.7001734182e-10,3.3942215705e-10,4.2039571824e-10,1.611860645e-09,3.1050340077e-10,3.219759348e-09,-7.6055828302e-12,5.7077609306e-10,3.8790970436e-09,4.6425574496e-09,4.6656891683e-09,4.7698023309e-09,4.6541241971e-09,4.9895847454e-09,4.8045043499e-09,4.7582329188e-09,4.7871528963e-09,4.5615857758e-09,4.5731542997e-09,4.3360151025e-09,3.8675329606e-09,3.8212606412e-09,4.428558853e-09,4.3244527959e-09,4.7640167367e-09,4.9201833718e-09,4.0005598834e-09,4.7466679476e-09,3.7749918746e-09,4.7698014427e-09,4.9548845027e-09,4.8739110525e-09,4.486398808e-09,4.3996379873e-09,3.0230988823e-09,1.2474727917e-09,2.9305573523e-09,2.3406117045e-09,2.0109354182e-09,3.7692107213e-09
0.022695305961527756,0.04624893242554666,0.04077585730521665,0.05615136933204513,0.062087326454499006,0.05576689670425342,0.0633002871709592,0.1193440246788244,0.07913691066222223,0.1252256767717386,0.08900710565004927,0.0937215367728961,0.09538623924804385,0.11705503991726443,0.08733681477503748,0.1539115326020689,0.11686922835442834,0.1349068374622587,0.08393041874839367,0.162276658816541,0.0843924406515625,0.1329516654012016,0.1078901251661306,0.15747586940131533,0.12849490891974127,0.0748287295212101,0.04813381832576751,0.015393071833149521,0.004178974028425679,-0.04716826903591114,0.011253317995266209,-0.002283404087435279,2.3169735641e-07,2.3484953715e-07,2.1875901268e-07,2.4334605087e-07,2.347397583e-07,2.3216604461e-07,2.1867239752e-07,2.3112478686e-07,2.1305628195e-07,2.3907739433e-07,2.1468726175e-07,2.1890373603e-07,2.0182403659e-07,2.2298122815e-07,2.1176057885e-07,2.3438705909e-07,2.1302146536e-07,2.2428847046e-07,1.9757884218e-07,2.2371594355e-07,1.9891496095e-07,2.2643426689e-07,2.0986368554e-07,2.1394110661e-07,2.2283680323e-07,2.0474503515e-07,2.0241411391e-07,1.3844515934e-07,2.0173163762e-07,9.8143623006e-08,2.1733646349e-07,2.0198622508e-07,1.5326552329e-06,1.651987759e-06,1.8153330075e-06,1.5298462586e-06,1.4894394553e-06,1.721064109e-06,1.7403463062e-06,1.248845706e-06,1.737177513e-06,1.3309762608e-06,1.6703867232e-06,1.6545724293e-06,1.6796866475e-06,1.1079246178e-06,1.7684145632e-06,1.3034567701e-06,1.7696534087e-06,1.5509276636e-06,2.4014357223e-06,1.3370087117e-06,2.5319559427e-06,1.6178696569e-06,1.7911908117e-06,1.2169082311e-06,1.4805048068e-06,1.8428988824e-06,1.5761977465e-06,1.1127071957e-06,1.7087683091e-06,7.4448240639e-07,1.3526131397e-06,1.874126724e-06
0.015701007632206294,0.0331519552340353,0.0308590191136947,0.04691609179415313,0.0614439986489771,0.04998652213114685,0.05378968537925375,0.10162681181102179,0.06678665760169909,0.11620332870085871,0.07533728650255213,0.06573168362788613,0.06058588573471444,0.10798471444506945,0.06964150119828981,0.12380366533612726,0.08284017874798116,0.09331720847416439,0.05694347559067882,0.14658344530330994,0.055889711736961445,0.10356935230254187,0.08399999523506026,0.1364168512920615,0.10901553663590151,0.06196418974348449,0.03573886288480162,0.006338614650564231,-0.0017603219720718239,-0.04377607372373347,0.0034681135454761253,-0.018082442561026275,2.1317755738e-07,2.2187067827e-07,2.0905956433e-07,2.4100941687e-07,2.2550293011e-07,2.3045969044e-07,2.1911766623e-07,2.4281388278e-07,2.1879952783e-07,2.4355995265e-07,2.2065032113e-07,2.2342656791e-07,2.1922186022e-07,2.2139086298e-07,2.1978858911e-07,2.3878274646e-07,2.2543368061e-07,2.3512161818e-07,2.1171454989e-07,2.2749847517e-07,2.0893821784e-07,2.340110683e-07,2.2975413572e-07,2.2103228048e-07,2.2602385741e-07,2.1371000969e-07,2.0937791589e-07,1.4673912574e-07,2.092102136e-07,1.0897095137e-07,2.2381443898e-07,2.1806509665e-07,1.4714978533e-06,1.518283284e-06,1.6743359765e-06,1.421885031e-06,1.390739385e-06,1.6153405795e-06,1.6181246565e-06,1.2152597719e-06,1.6558465177e-06,1.2629526509e-06,1.6087541326e-06,1.5841894765e-06,1.6796234377e-06,1.1310125956e-06,1.7058926005e-06,1.2519345773e-06,1.6463018255e-06,1.4718573311e-06,2.3049722131e-06,1.2772152331e-06,2.4048924843e-06,1.5145765246e-06,1.6847819779e-06,1.1793887325e-06,1.426750373e-06,1.7644600803e-06,1.5959549273e-06,1.3401894421e-06,1.7210816168e-06,8.0698208649e-07,1.3692709899e-06,1.8372259092e-06
-0.08707881407333079,-0.1087166708499644,-0.160246644706834,-0.18466085401459986,-0.1590748465120844,-0.17815958253322084,-0.12196254923338988,-0.07774119578625703,-0.12385381335848389,-0.077767883701877,-0.049659318855698936,0.05601065463518484,0.018970797270212905,-0.03092739544136721,0.05987471945438892,0.07131695806403335,0.14492259131918658,0.12923452578989353,0.10803237871620917,0.035433307595827176,0.04536902145352928,0.1128594798291476,0.1834408275027774,0.10370011271531585,0.06718388616233921,0.02170408374694027,-0.09117302542460251,-0.11463955205140938,-0.04874597457424115,-0.1481146799909698,-0.12474135887215397,-0.08052544751715916,3.4018498241e-08,3.7864747782e-08,4.5349004552e-08,4.9883510655e-08,4.7564189032e-08,5.1734325268e-08,4.8107860806e-08,4.2613269358e-08,4.9455483264e-08,4.8148354637e-08,4.3885687973e-08,4.0184076511e-08,4.0479047669e-08,3.4886113554e-08,3.8645566747e-08,3.2989007082e-08,3.6742708431e-08,3.6013965143e-08,3.479934918e-08,3.4949746208e-08,3.8929009349e-08,3.4961306739e-08,3.8217592646e-08,3.4012764161e-08,3.0160759223e-08,3.7911046746e-08,2.4984226243e-08,1.913680947e-08,1.898063573e-08,1.7453695378e-08,2.1768435943e-08,2.1525513816e-08,2.0339084017e-07,1.8730624163e-07,1.9621892022e-07,2.0680333535e-07,2.0092701902e-07,2.1220535018e-07,1.9658928352e-07,1.8531079604e-07,1.761029722e-07,1.8789623368e-07,1.8353529185e-07,1.7400938646e-07,1.8010550207e-07,1.5943994924e-07,1.6702252026e-07,1.8569829763e-07,1.8548443848e-07,1.8553640757e-07,1.8095575172e-07,1.7728295632e-07,2.0682078627e-07,1.7455879231e-07,1.5998367076e-07,1.4199027021e-07,1.6859002017e-07,1.4556469807e-07,1.1297302649e-07,8.0537503777e-08,1.1924261401e-07,7.3880386253e-08,8.575450039e-08,9.5650570131e-08
0.013116834718335944,0.00816595143883756,0.0003758751285594035,0.0010745050903441242,0.002216823950870615,0.013039877609373883,0.009381841470352117,0.006871131358019212,-5.795995855171702e-07,0.023551022410606755,0.0044314084575032475,0.037609236652391465,0.019213035206380635,0.004461715054746345,0.04269984255872686,0.0432912522779888,0.04877110769564122,0.02849282512376634,0.04702150995413652,0.024914417310213113,0.04653850337616841,0.043512105093963374,0.04908405326120516,0.06584156000418522,0.03665759724990103,0.039233905622841174,0.0029318226653276044,-0.03979822318783284,0.017340522110952588,-0.12237401479448543,-0.012894731313188029,0.006231536715181813,8.5996365584e-10,7.5006978406e-10,8.7731533149e-10,7.8477402354e-10,9.1780161249e-10,7.1536687685e-10,9.1201890484e-10,9.1780227862e-10,9.5250540788e-10,8.7153062545e-10,9.120186828e-10,7.3271966272e-10,7.674239022e-10,9.8142449723e-10,7.3272077294e-10,6.9801830982e-10,5.8812643644e-10,8.0790996115e-10,5.8812688053e-10,1.0103449188e-09,7.0380257178e-10,7.2115446947e-10,6.0547789005e-10,7.5007267064e-10,7.4429018504e-10,7.4428974095e-10,6.5753225087e-10,1.3168861557e-09,4.4353098971e-10,1.877916489e-09,4.7823434102e-10,5.6499005474e-10,1.5851540525e-08,1.6331597408e-08,1.6244834811e-08,1.6927309332e-08,1.6568732164e-08,1.6239052769e-08,1.5706943302e-08,1.6909975642e-08,1.5510297047e-08,1.6343172149e-08,1.526737492e-08,1.4573328322e-08,1.3711550118e-08,1.394289928e-08,1.4955062966e-08,1.5527655606e-08,1.6360511168e-08,1.5625973404e-08,1.5348353699e-08,1.6331602737e-08,1.5492940264e-08,1.5342571658e-08,1.5452471303e-08,1.5244257412e-08,1.4313061847e-08,1.2832416019e-08,1.0518893312e-08,8.1475342029e-09,1.0449489274e-08,9.5819183699e-09,8.5524058946e-09,1.2629977952e-08
0.017463202116220936,0.015174935058690367,0.01025793613540231,0.029968006622525523,0.03537752664750886,0.02817926354104693,0.029165315153043166,0.06176936673361671,0.037174347997503625,0.06321803789862013,0.038226407631267584,0.0515539170732431,0.043140905404177976,0.06598774498341155,0.04423489790185518,0.08829221107436942,0.05214107097057495,0.0654347018217447,0.04318338933295589,0.10420268844791052,0.04041071701390689,0.06120425872145548,0.060751454437657074,0.08829843603413218,0.07483421254598725,0.03998909526169629,0.027536205375510863,-0.0008187251376282859,-0.006706701466813124,-0.04780578130944855,0.015967833317112747,-0.006019650268867545,2.4442758217e-07,2.4735408033e-07,2.4130432053e-07,2.6239797535e-07,2.5236866463e-07,2.4862072223e-07,2.334326723e-07,2.5881186616e-07,2.3017635442e-07,2.4670057996e-07,2.3176667696e-07,2.2462383242e-07,2.2156412172e-07,2.4278506316e-07,2.2081238171e-07,2.4618580596e-07,2.3346153455e-07,2.3825053574e-07,2.0982908211e-07,2.3708798835e-07,2.2135031941e-07,2.5018835004e-07,2.3424838957e-07,2.3084737677e-07,2.4233975182e-07,2.1848163101e-07,2.1020491658e-07,1.5769937534e-07,2.1598302169e-07,1.1041112913e-07,2.2435779101e-07,2.1469313083e-07,1.7049607095e-06,1.8038871303e-06,1.9642945972e-06,1.6446185782e-06,1.5865615524e-06,1.8815642306e-06,1.9107144453e-06,1.4051760218e-06,1.902692361e-06,1.491314265e-06,1.8870121039e-06,1.8261084733e-06,1.9264800812e-06,1.2644156868e-06,1.9336421246e-06,1.390132411e-06,1.9418134798e-06,1.6857135279e-06,2.6288180379e-06,1.4594689901e-06,2.7802666409e-06,1.7253140641e-06,1.9017326167e-06,1.2976154267e-06,1.565266416e-06,1.9497326775e-06,1.6895079398e-06,1.3450252254e-06,1.7796025986e-06,8.2072421037e-07,1.4167328573e-06,1.997154186e-06
0.051390525586994744,0.024343855373753713,-0.018148073102659996,-0.013296443570422593,-0.0124889013027597,-0.0027890300265942434,0.052440571018734596,0.04396542214928574,-0.013085062079642584,-0.03514139901737786,0.012160104256931158,0.004881772194491977,0.01841718738629059,-0.028709381888828343,-0.003938028921957069,0.017663374440016328,0.032955733626936115,0.02244986748185003,-0.001100981318386723,-0.04459973436919321,0.02910527211118538,0.01620069420039066,-0.008539959889456536,0.07130022310938879,-0.019649614430603334,0.026430788538157952,-0.04871195153507939,0.1743841766942834,0.027737830178807817,0.3926347206153162,-0.01348910961730342,0.0698729427947611,4.2617809282e-10,2.7579838413e-10,4.0882763841e-10,4.8401660457e-10,4.4931347531e-10,4.3774539549e-10,2.3531299131e-10,4.0304326543e-10,4.6088088901e-10,5.4185411713e-10,4.146105681e-10,4.3196335398e-10,3.3363778407e-10,5.5920690301e-10,4.7823356386e-10,3.8569225591e-10,3.1050362281e-10,3.7990777191e-10,1.7169166089e-10,6.8066685621e-10,1.4277257154e-10,3.3363889429e-10,3.336394494e-10,3.2207236877e-10,4.8401804786e-10,2.7580093764e-10,2.5844915097e-10,6.7488259425e-10,1.1963885438e-10,1.7622390214e-09,1.4277323768e-10,3.509893487e-10,5.8282338955e-09,6.4528826726e-09,6.4644556375e-09,6.5743419597e-09,6.4702296854e-09,6.6610974514e-09,6.6321836911e-09,6.58591226e-09,6.6495324802e-09,6.3025069608e-09,6.5974772312e-09,6.3545586571e-09,5.6720761421e-09,5.3944502199e-09,6.3545630979e-09,6.2793725775e-09,6.4528800081e-09,6.5627787649e-09,5.4291557916e-09,6.5165117746e-09,5.7067746084e-09,6.7594303488e-09,6.4297545066e-09,6.8114847096e-09,6.0769398402e-09,5.5274780308e-09,4.295531042e-09,2.7975313177e-09,4.2897490005e-09,3.6477467713e-09,3.1445568371e-09,5.4002384786e-09
0.013226523440337612,0.01725677429789305,0.003366940957603153,0.030308350330256393,0.0269923067777479,0.0212287649042141,0.024784096207275966,0.052595611562860634,0.02850938510182599,0.05847418586298902,0.03476515024355383,0.039770802426692314,0.03502057656817242,0.05660902336895331,0.0368901203479038,0.07907965544407276,0.03860951017750154,0.052849313552020556,0.034559703359176415,0.09551223027640927,0.03399890183366094,0.05854013061218274,0.054035220769492374,0.09415443586970199,0.0691516541745492,0.04060454543872098,0.018127719346890548,-0.000579324379729607,-0.013183399575314857,-0.05267507049933244,-0.0036543788651512738,-0.0029582873128045934,2.3904860313e-07,2.4554375955e-07,2.4056399184e-07,2.5304527185e-07,2.5286036021e-07,2.4689720135e-07,2.3174951025e-07,2.5880606813e-07,2.3050598941e-07,2.5856903108e-07,2.3146030514e-07,2.2486108264e-07,2.2692577772e-07,2.3794983406e-07,2.2825042834e-07,2.4001460019e-07,2.3638249047e-07,2.4273279564e-07,2.174982825e-07,2.3926276072e-07,2.1798999228e-07,2.5310922069e-07,2.2432318758e-07,2.2492480412e-07,2.3587342923e-07,2.1589036692e-07,2.1449663734e-07,1.4724815856e-07,2.1349009671e-07,1.0433807773e-07,2.2544530509e-07,2.0517886412e-07,1.5963238411e-06,1.7698085912e-06,1.9426634026e-06,1.6088805523e-06,1.5796206299e-06,1.836606657e-06,1.8627208647e-06,1.3589001355e-06,1.8477854837e-06,1.4373862314e-06,1.8122617576e-06,1.7849913547e-06,1.8644096826e-06,1.2498351225e-06,1.8819863499e-06,1.3695596408e-06,1.8747440436e-06,1.6180430293e-06,2.561304882e-06,1.4182073755e-06,2.7292269351e-06,1.6879697569e-06,1.8590886839e-06,1.3007156667e-06,1.5560236761e-06,1.926601044e-06,1.685302891e-06,1.106495688e-06,1.7626483668e-06,7.9082207094e-07,1.3952460449e-06,1.9611250082e-06
0.08494644858900227,0.010566746724359762,-0.022040095842532602,-0.01861849010049294,0.04630663276403452,0.01515031837478687,0.03443757895115413,-0.0051691260000790796,-0.005182245753361455,0.03180557602107842,-0.05263301166445548,0.0013110844795319577,0.005933354361908611,0.020795514241429884,0.05395144062026198,0.023976427678695705,-0.008784101440800093,-0.024332216200161683,0.02340996948994535,0.0571417475761499,-0.030535924274596473,0.028712961806277304,-0.036756988815174634,0.017194570505567892,0.007141522864545013,0.01936197321031733,-0.032325009013035755,-9.231857004601304,-0.0022644995206957826,4.687403365431257,-0.12903621300914767,0.07106366038145778,2.8158197996e-10,3.2206992628e-10,3.9726022472e-10,3.6834046924e-10,1.9482671032e-10,3.2785407722e-10,2.5844826279e-10,3.3942171296e-10,2.1796120464e-10,2.0061041717e-10,4.6666515097e-10,2.0061152739e-10,2.9893554299e-10,2.8736779623e-10,1.9482682134e-10,2.5266400083e-10,1.9482726543e-10,3.2207081446e-10,2.1217816393e-10,3.1628688557e-10,1.9482748748e-10,2.1217838597e-10,3.4520752923e-10,3.162875517e-10,2.4109825247e-10,1.716932152e-10,3.2785452131e-10,1.4672667525e-09,2.6423330191e-10,3.1792752875e-09,1.3698975287e-10,3.8569403227e-10,4.1625023428e-09,4.7003956283e-09,4.5962877948e-09,4.7177444173e-09,4.8160710975e-09,4.9086112952e-09,4.7929384905e-09,4.816073762e-09,4.6830441747e-09,4.7466688358e-09,4.4227732587e-09,4.6078536542e-09,4.1972079146e-09,3.6246119439e-09,4.8045061263e-09,4.3533683325e-09,4.804499909e-09,5.0763446779e-09,3.6708807105e-09,4.5673687055e-09,3.9832075416e-09,4.8449964041e-09,4.9086130716e-09,4.6888288807e-09,4.2897498886e-09,4.3533727734e-09,3.1908278242e-09,1.5424483912e-09,2.8206639247e-09,2.7165587557e-09,1.7506616157e-09,3.8039065231e-09
