0.06813932331884266,0.0,0.07853649642887728,0.020209410124691764,0.1047573867937202,0.0,0.10616786204626898,0.0,0.0,0.2871620958482824,0.0,0.3170040259118759,0.0,0.28601033528499903,0.0,0.370412988577544,0.0,0.3580345155396445,0.0,0.341439588533472,0.0,0.2999127251322191,0.0,0.28108700538663556,0.0,0.011009212449088097,0.0,0.013377584755292264,0.0,0.0,0.0,0.0,-4.9925363843e-10,-1.0486995716e-09,-8.4627249652e-10,-2.3962962725e-09,-9.9664687614e-10,-3.8769201183e-09,-9.9086294725e-10,-6.9133543334e-09,-5.6865734344e-10,-1.7618951631e-08,-2.6790791807e-10,-2.853276726e-08,2.7058355556e-11,-3.8058495022e-08,5.6493587586e-10,-4.0551284997e-08,3.8564451632e-10,-3.0400901352e-08,4.6661596809e-10,-1.3853781233e-08,2.9310587291e-10,-2.7664524005e-09,9.6462726695e-11,-2.9978000082e-09,2.6997160063e-10,-1.0139974416e-09,2.9310642802e-10,-1.2222087786e-09,3.9142933339e-10,-7.248154299e-10,5.5337179283e-10,2.8732327628e-10,-2.238183896e-07,-1.8883876862e-07,-2.7987979934e-07,-3.3265564525e-07,-3.1343077467e-07,-6.0707343152e-08,-3.9556505271e-07,-1.0688417973e-07,-1.6918021117e-07,-4.4949783273e-07,-1.1671056654e-07,-5.4661131799e-07,-1.7632306992e-07,-9.3546566404e-07,-1.1940012712e-07,-6.9414170412e-07,-9.8353247324e-08,-6.2316951244e-07,-3.0076979129e-08,-5.3157975799e-07,-6.6213409866e-08,-3.1675671153e-07,-9.8463189602e-08,-3.5657723174e-07,-9.1279879655e-08,-3.7821408228e-07,-6.0822976877e-08,-3.0256333616e-07,-3.5490518968e-08,-1.3927872544e-07,-1.1025551139e-08,-1.9724193834e-08
0.11845258548793176,0.027229418484330088,0.12708545442047106,0.057873566538769766,0.1551224747590786,0.19521017913946792,0.17810648568238613,0.2754700106899012,0.2802823467743964,0.2743019129992095,0.2953088302494774,0.266239806360937,0.28347704795035594,0.30420000729654195,0.26333580195480766,0.3799094489168676,0.24520847980011273,0.3700594482074567,0.35707039951705577,0.3803606964349768,0.4067436599022634,0.2794214705358759,0.27361300096237523,0.3117309557385462,0.18852363155098517,0.047879211604644444,0.2027393643799688,0.05539429877521525,0.2782655872790645,0.04589496014470506,0.0,0.0,-5.5079167893e-09,-9.0822291909e-09,-7.5784720721e-09,-1.6045788698e-08,-9.5564987035e-09,-1.5502124029e-08,-9.3251477651e-09,-2.3865339926e-08,-5.8954245929e-09,-5.4848520392e-08,-4.4321550874e-09,-7.5114563458e-08,-3.373739732e-09,-8.256398587e-08,-1.1932905775e-09,-8.0834531957e-08,-4.9346959852e-10,-7.2789546834e-08,1.774334013e-10,-4.7740417841e-08,-3.8358027865e-10,-2.1251123528e-08,-5.5709009628e-10,-2.1256903793e-08,1.2538015071e-10,-9.9150883059e-09,7.2109562765e-10,-9.7068788563e-09,1.3341643346e-09,-6.5663359194e-09,1.9587991229e-09,-3.9810279517e-09,-7.0812592412e-07,-7.0173479116e-07,-7.7296698464e-07,-7.5677286304e-07,-7.8720051988e-07,-2.1258675531e-07,-7.7491006323e-07,-2.8437915489e-07,-5.6448880059e-07,-7.5662228483e-07,-5.4410105577e-07,-7.8586430163e-07,-6.0212909148e-07,-8.8786600827e-07,-5.1879771945e-07,-8.5150878704e-07,-4.2604509076e-07,-8.4165941416e-07,-2.5167844342e-07,-8.0097220234e-07,-3.3277748912e-07,-9.3503820153e-07,-5.1087420161e-07,-9.0059518243e-07,-5.1987939287e-07,-9.6119185855e-07,-4.2277127932e-07,-9.1712604444e-07,-2.5203164e-07,-5.752931429e-07,-1.1911678399e-07,-1.7339668545e-07
0.12904051944761044,0.04542176164766647,0.1379033355967873,0.07402726967864211,0.18733270818698322,0.0,0.19071005231019938,0.3405501553018595,0.27424980523357795,0.3092165030201459,0.33024509763900944,0.3341855960648312,0.2886152627039835,0.34797186733344265,0.26808797348388463,0.46232185227071043,0.24631631336821114,0.3595362125118622,0.3254150195971359,0.416632911949725,0.4028555586401475,0.3516561027305544,0.28996306549384715,0.3475719372300337,0.2142841233951078,0.06035448846150605,0.20007258155944524,0.05988130548417884,0.0,0.0,0.0,0.0,-8.3470497181e-10,-1.314747089e-09,-1.0197813705e-09,-2.0608421636e-09,-1.1528050736e-09,-2.8994764367e-09,-1.1990742843e-09,-5.4153765916e-09,-8.3470513834e-10,-6.1846110455e-09,-7.0746486447e-10,-7.5726953597e-09,-6.1492616554e-10,-8.4807361134e-09,-3.6622993527e-10,-7.0521632978e-09,-2.274217481e-10,-6.8265961772e-09,-1.0596512556e-10,-4.802309661e-09,-2.7947444359e-10,-2.4367818874e-09,-1.4066803278e-10,-2.4309989577e-09,-1.5801793207e-10,-1.2222087786e-09,-5.3913318254e-11,-1.3263143916e-09,-6.5478955591e-11,-8.9254081903e-10,-3.0777380644e-11,-5.8022397997e-10,-4.8498623073e-07,-4.2711471337e-07,-5.2992544397e-07,-4.7817843551e-07,-4.8349386361e-07,-1.6132015901e-07,-5.3625848295e-07,-2.2900047725e-07,-4.3037670139e-07,-5.3203660855e-07,-3.6288147953e-07,-5.4335504274e-07,-4.5881529331e-07,-6.7209396093e-07,-3.9229715298e-07,-6.0847315808e-07,-3.3198512028e-07,-7.6295515328e-07,-2.1023855368e-07,-6.0681986724e-07,-2.5584287755e-07,-5.9163210153e-07,-3.6007017457e-07,-6.2023207192e-07,-3.1200835338e-07,-5.9852010281e-07,-2.6898337069e-07,-6.1078145563e-07,-4.6057319736e-08,-1.5590094904e-07,-1.8185755124e-08,-2.6051560909e-08
0.05909026739136248,0.012678882773713504,0.07122561373334442,0.027658840182236615,0.0993247892840732,0.1500300573218688,0.12346452300562197,0.2583455395756086,0.21184843632389386,0.21913427386162518,0.225145557524176,0.2506689762753977,0.22383880790636426,0.2853529229840855,0.1790434035191156,0.38123913934129167,0.12354423955703585,0.3604230032949005,0.18803303656845513,0.39136355312427656,0.24658965921655093,0.32216396503075473,0.18882144892037744,0.33755909024216585,0.13318583446447083,0.02524955104198357,0.11781625962676502,0.03128436748854089,0.09936735046307714,0.018715157545948862,0.0,0.0,-5.8022497917e-10,-8.5205598133e-10,-7.0168110211e-10,-1.4362043776e-09,-7.4216649493e-10,-2.3789448189e-09,-1.0486995716e-09,-7.0463759272e-09,-1.0429161978e-09,-8.1221456227e-09,-8.0000311931e-10,-1.0053895494e-08,-6.6119532072e-10,-1.7462799207e-08,-3.604461174e-10,-1.0227404701e-08,-3.3731140103e-10,-1.0470314393e-08,-2.1007162676e-10,-6.6646563823e-09,-2.0428669867e-10,-2.9457476458e-09,-2.910419683e-10,-2.9688820291e-09,-1.9850321387e-10,-1.534527172e-09,-2.5633950518e-10,-1.1585885584e-09,-3.0777047577e-11,-1.1181031656e-09,-8.8613338889e-11,-7.3638223297e-10,-9.7202394045e-07,-8.4065260353e-07,-9.3346932317e-07,-8.8115086783e-07,-9.0895315452e-07,-2.2997831195e-07,-9.193466326e-07,-2.9463373608e-07,-7.2591114986e-07,-9.4410620477e-07,-6.7296730322e-07,-9.2351075409e-07,-7.3718916838e-07,-1.0680793139e-06,-6.6399695697e-07,-1.047327828e-06,-6.4459868554e-07,-1.0627292113e-06,-3.48491767e-07,-9.1362124977e-07,-4.6237781248e-07,-9.88398142e-07,-6.4600970973e-07,-9.610057532e-07,-5.1031901194e-07,-9.324352277e-07,-4.2798262712e-07,-8.7801680593e-07,-3.5851493863e-07,-6.7914498914e-07,-7.0105883765e-08,-1.3919775199e-07
0.04569304809693081,0.01208124223440643,0.05108255108068815,0.02176525675241112,0.061847366443468575,0.0,0.09244604587078495,0.23630173225198672,0.19063056177802346,0.13325298650110534,0.17917688376546684,0.16088206812539738,0.18474064531902412,0.19565146751853044,0.14333603076843318,0.21856477395369542,0.13418684670958295,0.23078514493509766,0.0,0.1982244789863745,0.19961582550743412,0.16021504903697997,0.10366116441642924,0.1159978934349279,0.06835954060580872,0.013580552217896428,0.07211445539309029,0.015355243148836439,0.08598771151278173,0.014520527546065027,0.0,0.0,-2.5119695213e-09,-3.9289704823e-09,-3.1019053992e-09,-5.9995306501e-09,-3.512547142e-09,-7.0058927548e-09,-3.5125478082e-09,-1.1546084089e-08,-2.5466715403e-09,-2.1557642782e-08,-2.2921897713e-09,-2.4848571201e-08,-1.9104666737e-09,-2.5247608448e-08,-1.2742615851e-09,-2.4981584801e-08,-1.0718340659e-09,-2.4061973747e-08,-9.2145924224e-10,-1.7451242229e-08,-9.2724283807e-10,-8.0296089777e-09,-1.0429159758e-09,-7.4454575838e-09,-9.5037744341e-10,-3.8884895304e-09,-7.305984151e-10,-4.9526875934e-09,-5.0503723426e-10,-3.4142253469e-09,-4.6455084224e-10,-2.4946200661e-09,-6.9450561568e-07,-5.831932981e-07,-7.6327353327e-07,-6.6474228788e-07,-7.63603623e-07,-1.5393445096e-07,-6.9583035156e-07,-2.3131396176e-07,-4.3194415866e-07,-6.5768131208e-07,-4.4225618012e-07,-7.1026619253e-07,-4.8510202078e-07,-7.3657588473e-07,-4.34113133e-07,-8.8798725528e-07,-3.4928973491e-07,-7.9395601915e-07,-1.7993788504e-07,-8.254602335e-07,-2.5404415283e-07,-7.6348214861e-07,-5.1412462199e-07,-1.0995822777e-06,-4.5554193662e-07,-9.6978078545e-07,-3.2714967801e-07,-7.8162037198e-07,-2.1910513226e-07,-4.8258038987e-07,-9.4709633913e-08,-1.4096755763e-07
0.12884397965270977,0.05114970914468885,0.12338857830257419,0.07896456918584555,0.14883232058651621,0.24318377686043144,0.19065767011884607,0.33855409838967276,0.25067945088259325,0.24823664624357678,0.30610916137304883,0.30790211749648566,0.26118983237862187,0.2751855934605446,0.31551710537320493,0.3764327310650219,0.2641392351104582,0.3880292222150705,0.36814762062714473,0.4073006031029997,0.3866170317270593,0.3552872670336464,0.3254165485868917,0.3025865100759413,0.21269624877178156,0.06787481876245484,0.1897070515329296,0.05950607732593201,0.2747449640116689,0.07793902877547185,0.4433762592934607,0.16404547056201754,-1.7561111676e-08,-2.3414200356e-08,-2.0840461801e-08,-3.1823674362e-08,-2.2592910653e-08,-2.6306052447e-08,-2.2465687977e-08,-3.6491087485e-08,-1.680345818e-08,-7.1806283586e-08,-1.5398025965e-08,-8.2089727016e-08,-1.2963091045e-08,-8.7630468215e-08,-1.0059677535e-08,-7.6786093928e-08,-9.0128340346e-09,-7.103705002e-08,-8.7409981475e-09,-5.8671588476e-08,-9.0880281078e-09,-3.8596393637e-08,-9.4408312279e-09,-3.9585412281e-08,-8.810409291e-09,-2.5640947143e-08,-8.6137665889e-09,-2.5265006087e-08,-7.6131838611e-09,-2.0296822001e-08,-6.9480616816e-09,-1.6751419807e-08,-1.4751049093e-06,-1.3078123402e-06,-1.5508412616e-06,-1.3157879266e-06,-1.4671472854e-06,-3.3201374094e-07,-1.3192411643e-06,-3.835925213e-07,-1.0908266859e-06,-1.2684901094e-06,-9.6639655567e-07,-1.1880034663e-06,-1.3558577621e-06,-1.6872387505e-06,-9.4491014124e-07,-1.5755229015e-06,-8.9968727934e-07,-1.4969164113e-06,-5.9666319885e-07,-1.3578015796e-06,-7.4295036256e-07,-1.4872518932e-06,-1.0464317484e-06,-1.6870303625e-06,-1.0493461104e-06,-1.765730417e-06,-9.6207611477e-07,-1.9572985366e-06,-5.8836985772e-07,-1.0098551684e-06,-3.4591232634e-07,-4.2688984081e-07
0.05975009487678153,0.021334933365781277,0.06428924878174952,0.026800448114129977,0.07483010683502991,0.1373299394733243,0.0849857146538109,0.23390398107392768,0.1331577975025639,0.17529223540356506,0.15170134887075312,0.13768273869209227,0.21958074835315558,0.18384332634826311,0.28377347744049897,0.2815841957919792,0.26175865967775447,0.34064178770277953,0.324687483174906,0.42020690275064804,0.3390503008481358,0.3383656841714192,0.3863762575903583,0.2811585823055884,0.11008014736459136,0.06244518042620664,0.18714301814760115,0.06671954929559482,0.21731652159564058,0.06867619076654655,0.31770696505718904,0.11677462754364916,-7.8850099783e-09,-1.0973501219e-08,-1.0319938681e-08,-1.5143536203e-08,-1.0574419562e-08,-1.6560539606e-08,-1.0817342577e-08,-2.4998945136e-08,-8.2089011144e-09,-3.5166642931e-08,-8.0816597858e-09,-4.0719012162e-08,-6.5431962071e-09,-4.2853166349e-08,-4.9584678585e-09,-2.8526997653e-08,-2.9283959702e-09,-2.4975792101e-08,-2.4772683904e-09,-1.90648759e-08,-2.6854813928e-09,-1.2535102734e-08,-2.6739139791e-09,-1.2616077072e-08,-2.3905135649e-09,-8.527010209e-09,-2.309541669e-09,-7.9255073615e-09,-1.8584140893e-09,-6.5605521016e-09,-1.5518782925e-09,-5.5137059363e-09,-1.7312695491e-06,-1.5916922393e-06,-1.6883134322e-06,-1.5542602796e-06,-1.6735604049e-06,-3.9134275198e-07,-1.6616173752e-06,-4.1622411118e-07,-1.3083396198e-06,-1.5462455849e-06,-1.2243197034e-06,-1.3901992588e-06,-1.1199183518e-06,-1.4747754449e-06,-6.0239506183e-07,-1.3894091353e-06,-5.53679115e-07,-1.5466623609e-06,-4.2617799068e-07,-1.5781942011e-06,-5.4289250784e-07,-1.755025437e-06,-6.4704528313e-07,-1.9019252022e-06,-1.2331000789e-06,-1.0201217719e-06,-6.3147564333e-07,-1.0049916455e-06,-4.8775126515e-07,-7.477502777e-07,-3.0567511544e-07,-3.8153402215e-07
0.11578645810848694,0.051598506813854375,0.12003773988440034,0.05892400273546377,0.12229382710047484,0.24551119011517283,0.17386327471140625,0.3285985630096047,0.262136552835717,0.20266293138826966,0.3004623136095131,0.28131346101566196,0.2580173412582765,0.2875989355640245,0.27138601330183126,0.30348109492711095,0.25007250115103097,0.3559778902512201,0.34878502361675906,0.3761129828693619,0.37888201495267126,0.2666663688348458,0.27017008289339706,0.2634105826371229,0.19782008015950558,0.05630229036507216,0.17290979330291334,0.045136953738508734,0.24167786943953934,0.08153622984317928,0.4291808571142618,0.15082107174693424,-1.5768172545e-08,-2.0175333404e-08,-1.8353468079e-08,-2.4403211896e-08,-1.9174754229e-08,-2.363977103e-08,-1.9093791437e-08,-3.3252245402e-08,-1.498737312e-08,-4.8474880998e-08,-1.3923179942e-08,-5.5444232316e-08,-1.1679112788e-08,-5.4345367317e-08,-9.3887688735e-09,-4.9330903806e-08,-8.7467793008e-09,-4.4952638945e-08,-8.4633855479e-09,-3.9064872226e-08,-8.6484579498e-09,-3.3211779993e-08,-9.1458618456e-09,-3.3286969625e-08,-8.2725222228e-09,-2.3258072801e-08,-8.3708471266e-09,-2.3142396444e-08,-7.3355694852e-09,-1.9394551742e-08,-6.7687686567e-09,-1.6901797295e-08,-1.3760372894e-06,-1.2139306591e-06,-1.3940469898e-06,-1.3336881466e-06,-1.6574117581e-06,-3.1259787647e-07,-1.2485241996e-06,-3.8347701548e-07,-9.6961218787e-07,-1.2380100998e-06,-9.0833901822e-07,-1.034447223e-06,-1.1386343886e-06,-1.4403800606e-06,-1.0301503153e-06,-1.6395298417e-06,-8.4082194007e-07,-1.3683743418e-06,-6.4613703898e-07,-1.2960202866e-06,-7.0994263979e-07,-1.5274830503e-06,-1.0142281326e-06,-1.7020523728e-06,-1.0727933386e-06,-1.8993284812e-06,-1.0360264469e-06,-2.1190619464e-06,-6.6738562055e-07,-9.235866969e-07,-3.5329244952e-07,-4.4286977641e-07
0.03156305566619921,0.014867180675996525,0.03845765192602699,0.019095889432916263,0.05144323010857612,0.11461449774933921,0.07682568673056023,0.1804863768146414,0.08186966946996735,0.10737866916870667,0.11402740590915504,0.12943602081268443,0.12621979488817817,0.15375013538665794,0.11146749823417874,0.20103881328276108,0.08739002449101316,0.42399019668580906,0.12136976414797376,0.3282288565703247,0.131772728985525,0.1300220568267204,0.11900162099703518,0.20621495848092716,0.1135958232920609,0.020518899980330522,0.10991746114885141,0.030073828227859107,0.16150622126220454,0.03710005937178249,0.0,0.0,-4.0388625777e-09,-5.2881379276e-09,-4.3453969312e-09,-6.2829323966e-09,-4.6345833837e-09,-8.9896960986e-09,-4.8774966288e-09,-1.3888484141e-08,-3.7901628502e-09,-1.3541455068e-08,-3.472060639e-09,-1.5999518155e-08,-3.148175276e-09,-1.5675636789e-08,-2.4772677243e-09,-1.3859549952e-08,-2.1707322606e-09,-1.2656551363e-08,-2.0087893571e-09,-1.0730591526e-08,-2.2459205606e-09,-7.7693451672e-09,-2.2517050446e-09,-7.91971555e-09,-2.0434918202e-09,-5.5599738147e-09,-1.8699810589e-09,-5.3691140423e-09,-1.7485238812e-09,-4.9700386029e-09,-1.5518784036e-09,-4.1487551172e-09,-1.6638423403e-06,-1.0147995226e-06,-1.4653891185e-06,-1.0760368241e-06,-1.3062159496e-06,-2.9218173836e-07,-1.0474718692e-06,-3.7756598203e-07,-1.2364013173e-06,-1.0533541399e-06,-9.5491054708e-07,-9.8827001693e-07,-9.7916120012e-07,-1.2465525288e-06,-8.6026665258e-07,-1.2329719539e-06,-8.789533581e-07,-1.2660494804e-06,-5.6384124036e-07,-1.5563438183e-06,-7.4356944424e-07,-1.4046896695e-06,-8.2619453678e-07,-1.2612199498e-06,-6.0227421272e-07,-1.2680571899e-06,-4.8916837159e-07,-9.3175350457e-07,-3.0549591656e-07,-5.7865941017e-07,-1.5503347583e-07,-1.9373200644e-07
0.13150091854421492,0.058924395076868044,0.13243116344277572,0.07043161420595835,0.14949742781273248,0.24077502488867375,0.18227924912434526,0.32790239046610364,0.26002957602309945,0.2209736451034743,0.34807995582155765,0.3305601484947154,0.3400217550903358,0.2599526026124078,0.255187773523603,0.35417078708987193,0.30695955777603173,0.40495919120112384,0.35876035673224616,0.42941148065295187,0.4213393917479851,0.27634496870556735,0.3138281854324856,0.27661717980690653,0.19934872237502152,0.06797786788279969,0.1772156954349684,0.04491975771884017,0.21575273029851616,0.0687787066772731,0.4181861384608167,0.14746831376085218,-1.6253993707e-08,-2.1100719394e-08,-1.8827748249e-08,-2.6982746704e-08,-2.018690104e-08,-2.4565162349e-08,-2.0053889216e-08,-3.3645545017e-08,-1.5548383914e-08,-5.4229662538e-08,-1.4385870273e-08,-6.0632217469e-08,-1.2003002148e-08,-6.1493985015e-08,-9.4639602821e-09,-5.5131938126e-08,-8.6137612598e-09,-5.0105931848e-08,-8.3072260182e-09,-4.3148155271e-08,-8.5674933814e-09,-3.3657123311e-08,-8.8508942397e-09,-3.433958895e-08,-8.3361459957e-09,-2.3761254297e-08,-8.32457836e-09,-2.4021515443e-08,-7.1967596327e-09,-1.9787837147e-08,-6.6473093696e-09,-1.6595260277e-08,-1.316887051e-06,-1.1365224282e-06,-1.389198701e-06,-1.2287719073e-06,-1.3708030338e-06,-3.2410724771e-07,-1.2784541923e-06,-3.8655389289e-07,-1.0712594758e-06,-1.1946380027e-06,-9.2385784001e-07,-1.0298541611e-06,-9.9943338228e-07,-1.607794843e-06,-9.9661019703e-07,-1.3718329228e-06,-7.8216362454e-07,-1.2841929902e-06,-6.2820214453e-07,-1.1996224885e-06,-7.2663391393e-07,-1.6782295233e-06,-1.0131806221e-06,-1.6183101934e-06,-1.1280865237e-06,-1.7243717139e-06,-1.0977911415e-06,-2.275829047e-06,-8.2027855797e-07,-1.1289473605e-06,-3.6428701833e-07,-4.537779148e-07
0.05796597302537588,0.0216186946719735,0.0646259936643457,0.02904987402335342,0.07822992272462517,0.14585629342885567,0.10758470147059898,0.23216159179471468,0.16155279025442346,0.16613870445756426,0.19514964673490984,0.17888697932076783,0.19392198827067486,0.2671384908695542,0.18150677328653644,0.3805530458165725,0.14392186574934943,0.36332577665106,0.20218331476167567,0.3185412469196749,0.20497183888382878,0.2136259283284463,0.16385164266825347,0.200438121896477,0.10327155635779268,0.024612187645160995,0.10024486779005147,0.02898011043851895,0.1229408950806958,0.03312124754747925,0.23232915127443876,0.06871321055612782,-4.1024810216e-09,-5.5831010926e-09,-4.6230148598e-09,-6.5316294595e-09,-5.0972763788e-09,-9.1227221333e-09,-5.4847841824e-09,-1.4594082387e-08,-4.2991281646e-09,-1.4374303525e-08,-3.8595686647e-09,-1.8914500188e-08,-4.0677816671e-09,-1.771147673e-08,-3.1481759422e-09,-1.6774530209e-08,-3.1250413368e-09,-1.4536255755e-08,-2.8011544195e-09,-1.2720176912e-08,-3.1713098814e-09,-1.0013406992e-08,-2.9573141713e-09,-9.7415764344e-09,-2.8185067613e-09,-7.2661610062e-09,-2.8589923762e-09,-7.0579462275e-09,-2.4888358041e-09,-6.120989049e-09,-2.2517050446e-09,-5.386466384e-09,-1.0027696362e-06,-8.0228949173e-07,-9.5693349067e-07,-7.6010371686e-07,-9.2214537517e-07,-2.4299708912e-07,-8.1300180454e-07,-3.1199664363e-07,-6.9893616228e-07,-8.1091400261e-07,-6.9908656997e-07,-8.4808539214e-07,-7.0751343628e-07,-8.8702074663e-07,-5.9449456558e-07,-8.8406676468e-07,-5.9663477714e-07,-9.2637361604e-07,-3.9905256699e-07,-9.1554602477e-07,-5.4524645066e-07,-1.0624003153e-06,-6.6631622531e-07,-1.0699656059e-06,-7.1771620469e-07,-1.0938694004e-06,-6.1881530655e-07,-1.0428462929e-06,-4.519504273e-07,-7.3097243103e-07,-2.2522996801e-07,-2.9569258686e-07
0.026157601941322467,0.009896065662073562,0.02983116695100071,0.015530185145649628,0.03868877610758819,0.21114044309591443,0.05709266792628658,0.2773285585890139,0.049189907524675905,0.20391673267887223,0.16207011883786557,0.5802986935896793,0.6182125461226846,0.418778513587884,0.153230169630996,1.0060994773202152,0.1532725023915019,0.9128895974240252,0.24559831907016225,1.235739979166901,0.2199919027261544,0.18932332294154688,0.16432713125530693,0.3830840290050117,0.12985681932809431,0.03349804776074483,0.11983017145506944,0.032501742633848786,0.16025169953393614,0.041422139689717224,0.0,0.0,-3.6860574593e-09,-4.9411164049e-09,-4.09669898e-09,-7.1042123295e-09,-4.6287986777e-09,-8.5443527809e-09,-5.0914925609e-09,-1.3807501809e-08,-3.7959484445e-09,-1.7931260032e-08,-3.9058392076e-09,-2.0915656762e-08,-3.1019049551e-09,-2.0464511863e-08,-2.407862798e-09,-1.8937639013e-08,-2.2227857333e-09,-1.752642298e-08,-2.1822996743e-09,-1.486591561e-08,-2.3847293029e-09,-9.7300070223e-09,-2.1475980994e-09,-8.3939797335e-09,-2.124463494e-09,-5.6409472649e-09,-2.1128958583e-09,-5.7219180505e-09,-1.6849029949e-09,-4.5940975468e-09,-1.6733360253e-09,-3.946327265e-09,-2.727078936e-06,-2.681093747e-06,-2.7265600693e-06,-2.2762260414e-06,-2.4488224426e-06,-2.0768784736e-07,-1.8418198806e-06,-2.7353488008e-07,-2.5584215564e-06,-2.0523164039e-06,-8.1615962699e-07,-1.0654767948e-06,-9.4247548077e-07,-1.195447112e-06,-7.5247572795e-07,-1.155586574e-06,-6.020882779e-07,-1.3127059901e-06,-3.3825452306e-07,-1.0498830534e-06,-5.4875158639e-07,-1.3312550209e-06,-7.2658843919e-07,-1.3484616375e-06,-6.6584215119e-07,-1.2927987427e-06,-5.9297997268e-07,-1.3880337519e-06,-3.6609736753e-07,-6.5037113472e-07,-1.8709822314e-07,-1.8932490775e-07
0.08351078572249782,0.05889107788481508,0.15580901758856652,0.06741217410082484,0.22023027096058154,0.2576632061945792,0.256552105870742,0.3465820618229872,0.24856963772727378,0.22671339021073908,0.3123565185319629,0.2800071038714878,0.3490960647556482,0.28265070468607173,0.3587131648934533,0.33240112714706493,0.3237278322224193,0.3237668256952807,0.44164945167407854,0.2979563657910982,0.3658313580687085,0.2124223929435398,0.34565489957420586,0.19757189083728638,0.21973517279211938,0.05714047058330497,0.17702221007805768,0.07363283788024896,0.32200618724831515,0.09804312330553726,0.5185211673634901,0.2238029368127281,-8.9434264439e-09,-1.1511380293e-08,-9.9729229319e-09,-1.497581259e-08,-1.0979285037e-08,-1.5369099771e-08,-1.0863606903e-08,-2.0979264548e-08,-8.6368867613e-09,-2.8943416552e-08,-7.8329627229e-09,-3.2419396945e-08,-7.0405938857e-09,-3.4264381554e-08,-5.7681868171e-09,-3.0944562468e-08,-5.247653867e-09,-2.7960185278e-08,-4.6172301538e-09,-2.3969430885e-08,-5.2534367967e-09,-1.7503285932e-08,-5.1030628612e-09,-1.7219889514e-08,-5.0567940946e-09,-1.2396299098e-08,-4.5709618313e-09,-1.2315317655e-08,-4.4032368862e-09,-1.0262108496e-08,-4.1198378042e-09,-8.9839264916e-09,-9.1855827122e-07,-7.755809861e-07,-9.5913685527e-07,-7.4981454645e-07,-8.3066515799e-07,-2.4347158956e-07,-7.7967581547e-07,-3.1258073818e-07,-7.0327388357e-07,-7.6835164009e-07,-6.0412992298e-07,-8.0038768147e-07,-7.3192057926e-07,-1.0775117971e-06,-7.2906328796e-07,-1.0819188674e-06,-6.2126167677e-07,-1.1511217508e-06,-4.1601586531e-07,-1.0033777471e-06,-5.2271923323e-07,-1.2352677459e-06,-6.8491135607e-07,-1.1808211866e-06,-6.780344961e-07,-1.2607226836e-06,-6.4059668148e-07,-1.1576931911e-06,-3.8175383565e-07,-7.430489859e-07,-2.0568687376e-07,-2.1221079294e-07
0.0921552429818973,0.030926662153742224,0.0800076462010079,0.03480665053634397,0.10333784462186534,0.19924217206821335,0.12381164156417963,0.3179479826805137,0.19264004956969047,0.1552798129791253,0.22900795134945268,0.21830137115600756,0.25085785937833843,0.24029997021842858,0.25884072323745866,0.2669361765662605,0.2539371348040246,0.3018399660050387,0.3630755297623732,0.32381563558039256,0.36159258615757184,0.26379124679486243,0.29090256576812895,0.256180270665239,0.18971905369328154,0.042053422910921505,0.1798365442509042,0.04107305392740733,0.20528727004137728,0.05618853113165301,0.3431244180323907,0.10568284639528028,-8.6647212072e-08,-7.5744964079e-08,-9.1592283979e-08,-7.5924290854e-08,-9.4998874545e-08,-4.7942773307e-08,-8.2344165264e-08,-6.2002925461e-08,-6.5241799518e-08,-1.351839245e-07,-6.4761756846e-08,-1.5341984749e-07,-4.6259760467e-08,-1.3739905569e-07,-3.9440813282e-08,-1.0704042097e-07,-4.1071814394e-08,-9.7711449598e-08,-7.0360400173e-08,-8.7115680003e-08,-5.4802292482e-08,-1.2288788298e-07,-6.224590976e-08,-1.2539804572e-07,-7.5507927022e-08,-1.2820889594e-07,-8.5253496707e-08,-1.2657788773e-07,-8.9949757864e-08,-1.1360508978e-07,-9.5664098865e-08,-1.3991518699e-07,-6.7845867306e-06,-5.8959344642e-06,-6.8396193456e-06,-5.6286762629e-06,-6.4576115619e-06,-6.9980279704e-07,-6.0844586187e-06,-7.3756518759e-07,-5.2025984587e-06,-5.6976468841e-06,-5.1794922911e-06,-4.8524666454e-06,-5.0941112022e-06,-6.0377765294e-06,-4.7938392527e-06,-6.1070522861e-06,-4.6344857765e-06,-6.1249243117e-06,-4.6786371968e-06,-6.02475302e-06,-5.1593956414e-06,-9.1153060566e-06,-6.3834918365e-06,-9.212484656e-06,-7.185387858e-06,-1.0151502465e-05,-7.7170225268e-06,-1.0095365724e-05,-7.1679378379e-06,-6.3835759647e-06,-4.685728527e-06,-5.0253624977e-06
0.0,0.0,0.03728936217182029,0.0,0.0,0.0,0.04072713044637522,0.0,0.0,0.0,0.0,0.0,0.0,0.0,0.0,0.0,0.0,0.0,0.0,0.0,0.0,0.0,0.0,0.0,0.0,0.0,0.0,0.0,0.0,0.0,0.0,0.0,-1.0602669853e-09,-1.4015022476e-09,-1.0949687823e-09,-1.5865799785e-09,-1.1470215888e-09,-2.2979735892e-09,-1.2511270908e-09,-3.8306495753e-09,-1.106536085e-09,-2.6102913164e-09,-1.3089634932e-09,-2.8185047629e-09,-1.1528051846e-09,-2.9110442945e-09,-1.0197812594e-09,-2.85899171e-09,-1.0024302499e-09,-2.604509497e-09,-6.9011363291e-10,-2.3268917904e-09,-7.6530071169e-10,-1.5634457062e-09,-8.2313722505e-10,-1.5576619994e-09,-7.1324796069e-10,-1.245343384e-09,-6.4384408915e-10,-1.141237771e-09,-4.9925313883e-10,-1.1817231638e-09,-5.3973864267e-10,-9.0989182855e-10,-1.9188108524e-07,-1.4760129829e-07,-2.6337301051e-07,-1.4431607553e-07,-1.8291063952e-07,-1.0149955187e-07,-3.2830061514e-07,-1.6522996305e-07,-1.3747404637e-07,-1.2787319292e-07,-1.4659498504e-07,-1.6042365303e-07,-1.4510857227e-07,-1.6569266847e-07,-1.2144172956e-07,-1.5723109925e-07,-1.1507975017e-07,-1.5294526179e-07,-6.6693431222e-08,-1.6731793551e-07,-8.9862787434e-08,-1.8051629525e-07,-1.1867138028e-07,-1.8927855194e-07,-1.1801792255e-07,-1.4278937499e-07,-8.3842081722e-08,-1.3357023931e-07,-6.1239461502e-08,-8.2147529668e-08,-2.1025538643e-08,-2.3911599811e-08
0.01763947349167943,0.0029067892088997568,0.010010239811187012,0.005184581106359667,0.012390126272018388,0.02721166885237875,0.017795050427967685,0.0817037694065255,0.10148938879711263,0.044005260866773144,0.028309343169588125,0.07224913219170549,0.028960988876895355,0.12077673448423278,0.0910023375450202,0.21401865079354057,0.016803402094052927,0.1282614450334908,0.0,0.08890686763669318,0.02181076338585732,0.04027405699351482,0.021526786278135333,0.04254718828056663,0.010913267961806469,0.0022670201536708063,0.024508450046402896,0.0027999945310735884,0.010505127630254673,0.005146858483626136,0.0,0.0,-6.7276301197e-10,-8.6940665778e-10,-7.9421919041e-10,-1.2279924855e-09,-8.404889007e-10,-2.0261401446e-09,-7.1903205612e-10,-2.8994759926e-09,-6.3806104844e-10,-2.4194304338e-09,-6.9589745078e-10,-2.6912641005e-09,-6.5541255756e-10,-3.0672042683e-09,-4.5298448326e-10,-3.1076905493e-09,-4.1828257524e-10,-2.6102919826e-09,-3.7201319802e-10,-2.4136479482e-09,-4.7611842247e-10,-1.2916124836e-09,-4.6455184144e-10,-1.1932905775e-09,-3.5466185544e-10,-7.363823995e-10,-3.9514802541e-10,-7.0168088007e-10,-3.2574354325e-10,-6.7276195725e-10,-3.6622871402e-10,-6.3806071537e-10,-9.9054886959e-07,-1.5747297084e-06,-1.9744741167e-06,-1.4514444047e-06,-1.929176733e-06,-4.8109961881e-07,-1.8724846313e-06,-4.6019164301e-07,-4.731816432e-07,-1.8287889816e-06,-1.80182451e-06,-1.4178458514e-06,-1.6729885601e-06,-1.2772525224e-06,-4.2837007186e-07,-1.2979686517e-06,-1.325574658e-06,-1.7585699652e-06,-1.0791947602e-07,-1.5597203173e-06,-1.2727859939e-06,-1.9533531486e-06,-1.2884842135e-06,-1.7020169025e-06,-1.3014231399e-06,-2.0774307359e-06,-4.1667576056e-07,-1.7399362378e-06,-7.683524359e-07,-6.2996031147e-07,-4.7665171365e-08,-6.1650105465e-08
0.16827113797681853,0.06710515790374598,0.18038834735500803,0.08958987429461564,0.2103210835355987,0.2278052684146903,0.24968997754805183,0.34483042527730284,0.32961851900114425,0.31044456819300953,0.3780654141607656,0.37760605409167414,0.39671535570715555,0.4228031491176481,0.3906651730418669,0.49239865895917573,0.3427674011971885,0.5303652193715108,0.39583579618347775,0.5138539775923641,0.44868000951653,0.42224216832708145,0.3804665408690468,0.44167137261495043,0.28297708600563437,0.07550258683305765,0.25594061583348626,0.08206153232377493,0.28338533546653133,0.09822288152537255,0.40545691560842906,0.14046593340665853,-5.9799354801e-08,-6.4102394504e-08,-6.8185698865e-08,-7.9394425256e-08,-7.2783691962e-08,-4.5403787396e-08,-6.6942241972e-08,-5.8723582441e-08,-5.1465075757e-08,-1.4661830505e-07,-4.9122647283e-08,-1.5244823715e-07,-3.9059070644e-08,-1.5743955828e-07,-3.1893073071e-08,-1.371041094e-07,-3.0470300061e-08,-1.2517240577e-07,-3.8526977164e-08,-1.1175424675e-07,-3.6092068001e-08,-1.0925574401e-07,-3.9330920742e-08,-1.120550337e-07,-4.2309547865e-08,-9.0828820021e-08,-4.3009361406e-08,-8.9770509248e-08,-4.1037122145e-08,-7.2477277513e-08,-3.9978708344e-08,-7.2963104003e-08,-2.4232579108e-06,-2.1094303975e-06,-2.3747795694e-06,-2.0195288926e-06,-2.3236227662e-06,-5.174036346e-07,-2.1859996195e-06,-5.7717790014e-07,-1.9905339741e-06,-2.0752613636e-06,-1.9289166175e-06,-1.912854259e-06,-1.9994376999e-06,-2.2788171918e-06,-1.8610850248e-06,-2.3667116693e-06,-1.821148885e-06,-2.350894647e-06,-1.7114906541e-06,-2.2997380711e-06,-1.8348334834e-06,-2.9227674077e-06,-2.2024785267e-06,-2.9322122828e-06,-2.2580834411e-06,-3.7685804273e-06,-2.3733525722e-06,-3.4980953387e-06,-2.0623651835e-06,-2.2709930363e-06,-1.4098781094e-06,-1.638101935e-06
0.06910621695276435,0.02061911472369545,0.0637937535751809,0.02227355907405682,0.07852037108364725,0.17295792192334472,0.0975605797815802,0.2956862077200657,0.1645293552373533,0.13211621716325414,0.20718661983806996,0.1951389342626281,0.2266981474383166,0.21355935166084797,0.21941133052957795,0.24733123375116592,0.20753167763514038,0.27471803867511063,0.3177519223156785,0.2974955631783236,0.3164631581236165,0.22039765244385295,0.24898244661649835,0.2171970385046454,0.16020577119695917,0.02608442936066145,0.14909618718324844,0.026461591203507225,0.17669782069264645,0.03922585998553687,0.29576880839453173,0.07267357398347354,-6.62481483e-08,-5.0036497612e-08,-6.3847956255e-08,-4.5212871669e-08,-6.2772194553e-08,-3.926150427e-08,-5.6577878382e-08,-5.5045134673e-08,-4.9128448865e-08,-7.081151665e-08,-5.069582798e-08,-7.66241115e-08,-3.7121544949e-08,-6.9516019607e-08,-3.5033629331e-08,-5.3148120571e-08,-3.7185138524e-08,-5.1123802081e-08,-6.5062529586e-08,-4.7555325011e-08,-4.8284068299e-08,-6.7173616003e-08,-5.4038853392e-08,-6.7005849758e-08,-6.553104015e-08,-7.610942987e-08,-7.4744470169e-08,-7.3946353041e-08,-8.3113484095e-08,-7.7075313243e-08,-8.99613255e-08,-1.0101401671e-07,-6.4194218794e-06,-5.4361958064e-06,-6.5088279371e-06,-5.2579875955e-06,-6.1157770688e-06,-6.4886694418e-07,-5.6775961639e-06,-7.0485276638e-07,-4.8723759392e-06,-5.3152220971e-06,-4.7620096666e-06,-4.4862140385e-06,-4.6572577048e-06,-5.6763301473e-06,-4.4007397264e-06,-5.713061455e-06,-4.1891444198e-06,-5.7324336922e-06,-4.3746563279e-06,-5.5570162658e-06,-4.7880107559e-06,-8.846930541e-06,-6.0228808252e-06,-8.9733930508e-06,-7.1251433837e-06,-9.8980199255e-06,-7.8085367932e-06,-1.0031255442e-05,-7.1609470069e-06,-5.986094493e-06,-4.7935118346e-06,-4.8603087635e-06
0.04896061897089246,0.005202967073847403,0.027435388238948907,0.007218525139256954,0.06041809291582796,0.1542211473388458,0.14398486374816008,0.32455519757625667,0.29081783917340215,0.38593595856170154,0.5084401342178851,0.3299379168432045,0.6925500450563803,0.7118489838186818,0.5039272412820495,0.0,0.0,0.0,0.0,0.7155371298722004,0.0,0.1973738310841366,0.0,0.7336596098166096,0.0,0.0,0.21355745136076867,0.012150923794730812,0.0,0.006456175038165077,0.0,0.0,-1.5923637964e-09,-1.6212822196e-09,-1.5865800895e-09,-2.0261392564e-09,-1.5403107678e-09,-3.6397862502e-09,-1.6154987348e-09,-5.7392659514e-09,-1.4651228009e-09,-3.0614191182e-09,-1.4998248199e-09,-3.2927673921e-09,-1.4882575172e-09,-3.3910907415e-09,-1.2222088897e-09,-3.4547107397e-09,-1.0255649663e-09,-3.0267170992e-09,-9.561613723e-10,-2.6565625255e-09,-1.0602667633e-09,-1.8352785958e-09,-1.1065358629e-09,-1.9625201464e-09,-9.5616115026e-10,-1.2858288878e-09,-7.8265183223e-10,-1.4593393161e-09,-8.404884011e-10,-1.3263143916e-09,-6.3227684199e-10,-1.1643723763e-09,-7.3978014825e-07,-6.4190868443e-07,-8.1531521801e-07,-5.8772144484e-07,-6.7421660788e-07,-2.8573288091e-07,-5.7666892417e-07,-3.6549533888e-07,-4.8920833251e-07,-2.8790185524e-07,-3.3552470313e-07,-5.1662857459e-07,-2.6626506155e-07,-3.022799433e-07,-2.5079373245e-07,-1.8794828804e-07,-1.3996684345e-07,-1.6337918396e-07,-7.3367829145e-08,-2.9891387499e-07,-1.1374945785e-07,-7.3921972898e-07,-1.6806400538e-07,-2.6187538538e-07,-1.574162809e-07,-1.6373208211e-07,-5.7002978338e-07,-3.4940532601e-07,-7.0996520662e-08,-6.5349473743e-07,-3.9533311735e-08,-3.9712602984e-08
0.007248977956191419,0.0022913399277047237,0.009326229410812356,0.008828033988573878,0.011129365325154876,0.0,0.01383485227243624,0.06988380223122662,0.03079015349808105,0.0280105048678581,0.028402512854673167,0.08422589265557269,0.09976204097658974,0.03998975165643057,0.06039383729027716,0.13392437544147096,0.04495698200172482,0.061895985228978004,0.0,0.09925311288289689,0.045400274228572624,0.04059295341484451,0.056845826717235655,0.06027504401561119,0.022789932465091,0.0031098844471262013,0.04616931405995882,0.003957492801925865,0.03724907820720489,0.005797936016246495,0.0,0.0,-9.6772878599e-10,-1.2858288878e-09,-1.0891850755e-09,-1.78900883e-09,-1.2048579912e-09,-2.7664524005e-09,-1.17593979e-09,-4.2817780432e-09,-9.7929619969e-10,-3.686056349e-09,-8.5205564826e-10,-4.0562140313e-09,-9.5616126128e-10,-4.6924215624e-09,-7.4216666146e-10,-5.0799267015e-09,-6.4962824009e-10,-4.3280472539e-09,-5.3395543542e-10,-3.269634119e-09,-5.397393088e-10,-1.9393848749e-09,-4.8190218482e-10,-1.9162507137e-09,-5.9757487847e-10,-1.1932904664e-09,-5.3973814307e-10,-1.1990741733e-09,-4.1249803573e-10,-1.0776178838e-09,-3.6622871402e-10,-9.0989199508e-10,-1.7634396272e-06,-1.4854813344e-06,-1.4751868775e-06,-5.4687171769e-07,-1.4682517531e-06,-1.5784414131e-07,-1.4534844013e-06,-4.0865313622e-07,-1.0348580872e-06,-1.2320469978e-06,-1.1973959317e-06,-8.6364889285e-07,-3.8051584283e-07,-1.667922561e-06,-4.5764136303e-07,-1.2192996337e-06,-4.5825413508e-07,-1.4851922288e-06,-1.304238566e-07,-1.0341583447e-06,-5.7240646356e-07,-1.3295652934e-06,-4.5568071982e-07,-1.1268882645e-06,-6.9240684297e-07,-1.7884324279e-06,-2.6974686307e-07,-1.303348995e-06,-2.9325201467e-07,-7.3227391795e-07,-6.2696940972e-08,-7.6207605559e-08
0.10489438813274642,0.008143398379576726,0.12566116149007,0.015607276880523286,0.111735750570547,0.1675238776009807,0.20402455900089927,0.2938999793412257,0.281838734301306,0.3015993869189521,0.3336772567805298,0.3538209081868457,0.3192972063441926,0.3465334710388653,0.31588503844048293,0.4895281173020406,0.2658917261536514,0.4870893663359693,0.2976673663642202,0.5289905999742534,0.35065490610672895,0.3651150087818869,0.2956789402106681,0.40049292480916054,0.18212340759979154,0.00857268455951232,0.049689783253641456,0.008382946492971655,1.2778629154649375,0.00831158414271955,0.0,0.015786131132219005,-3.7438931955e-09,-5.1724633465e-09,-4.3338301836e-09,-7.16204962e-09,-4.7618202714e-09,-8.6831617452e-09,-5.0047379574e-09,-1.2234340652e-08,-3.9000522811e-09,-1.5108836848e-08,-3.5703844325e-09,-1.6387032176e-08,-3.0787723482e-09,-1.8845103256e-08,-2.5351050148e-09,-1.8943405067e-08,-2.2979733671e-09,-1.809901562e-08,-2.1533819172e-09,-1.4142972127e-08,-2.19386731e-09,-7.8445268059e-09,-2.1996511279e-09,-8.2262570089e-09,-2.0724106875e-09,-4.9873882801e-09,-2.0377086685e-09,-4.8601500602e-09,-1.7485231041e-09,-3.934758297e-09,-1.7022544485e-09,-3.5067657667e-09,-2.321910415e-06,-2.0293205125e-06,-2.4451792342e-06,-1.9838075787e-06,-2.1881353405e-06,-4.5608524601e-07,-2.2145545699e-06,-5.1849696092e-07,-1.8575390186e-06,-2.0261459213e-06,-1.7726242731e-06,-1.7654105022e-06,-1.8729423346e-06,-2.1008311251e-06,-1.7834913706e-06,-2.1791584004e-06,-1.6313457536e-06,-2.2778051516e-06,-1.5201204633e-06,-1.9604203771e-06,-1.634250566e-06,-2.771426125e-06,-2.1223584099e-06,-2.6891648304e-06,-2.2351516691e-06,-2.72725174e-06,-1.6606760482e-06,-2.2664598873e-06,-2.3555973883e-07,-1.6739901412e-06,-1.120953641e-07,-4.940846452e-07
0.07613855387075648,0.05016085954268071,0.07737131032628007,0.056096145317044495,0.0920091557021059,0.22081400266644172,0.11755315558844681,0.2837807361438918,0.17332100858515587,0.14372909407509016,0.19113682426690187,0.13888038428297492,0.1926096882439259,0.1718744748890241,0.16440826237701464,0.22062693851258044,0.1800058118182364,0.2820602354068301,0.24925663755804353,0.24214308067467705,0.241355021341934,0.13769248887467003,0.15427809519295085,0.1348168241759921,0.10949004442517844,0.03360251604413674,0.09138157767751108,0.025867993121752877,0.12120788459580142,0.064565875373146,0.0,0.0,-1.9625199243e-09,-2.627642548e-09,-2.3500250634e-09,-3.8422172111e-09,-2.8185043188e-09,-5.6987792263e-09,-3.3910889652e-09,-9.8630321688e-09,-2.5582396201e-09,-1.3564589452e-08,-3.0151507957e-09,-1.0979277043e-08,-2.1707322606e-09,-1.5022084909e-08,-1.8815486946e-09,-1.2107100211e-08,-1.3725838244e-09,-1.0603347533e-08,-1.5518781815e-09,-8.0411757253e-09,-1.2337760813e-09,-4.1892382896e-09,-1.2858288878e-09,-3.9694598719e-09,-9.8507946245e-10,-2.5466735387e-09,-9.8507912938e-10,-2.5987267893e-09,-8.5783957715e-10,-2.1591659571e-09,-6.6119454356e-10,-1.7253891649e-09,-6.7126700287e-07,-5.6507280988e-07,-6.9993683383e-07,-6.0173522343e-07,-6.8855450763e-07,-2.0609734008e-07,-6.4191459614e-07,-2.6890242566e-07,-5.2519442306e-07,-6.1696425746e-07,-5.1137158152e-07,-6.6776192398e-07,-5.6300251572e-07,-7.5849698078e-07,-4.9318737183e-07,-7.9697497313e-07,-3.9333232849e-07,-6.7027241357e-07,-2.7212976761e-07,-6.2347061203e-07,-3.7623598814e-07,-8.3356309233e-07,-5.1817892199e-07,-8.1572653698e-07,-4.7793054136e-07,-8.9326806574e-07,-4.9269630154e-07,-8.3544921381e-07,-3.0934788242e-07,-4.6232054274e-07,-1.3047586833e-07,-1.4632317402e-07
0.044006121725272296,0.012849122591761585,0.057329734120603715,0.027204275447590878,0.06544413281720352,0.156891773713167,0.07278896835843049,0.27447025307712775,0.1370601316729725,0.06557364821568007,0.128538769908928,0.10847395588634845,0.33192532782771833,0.16719722150322247,0.19404512806440916,0.12498528660473736,0.26675501122001194,0.13252073281926374,0.10867485627175018,0.10382575612422903,0.09106375067815048,0.07337295080830306,0.33197772492130645,0.11880554391347233,0.10762792440150488,0.01635423615105939,0.059343227695821565,0.014934488357488375,0.22359442550811962,0.01808193584138963,0.27632203726891663,0.05774503354510812,-3.0400897799e-08,-3.7399143338e-08,-3.6306030182e-08,-4.919205665e-08,-3.8232009558e-08,-3.4287520378e-08,-3.6838116557e-08,-4.3842174335e-08,-3.0013385555e-08,-9.2968832632e-08,-2.812210731e-08,-1.0604565404e-07,-2.4356950235e-08,-1.0401564055e-07,-1.9088014724e-08,-9.8642630064e-08,-1.6178816509e-08,-8.7885013045e-08,-1.6982760087e-08,-7.9822484622e-08,-1.6780330014e-08,-6.3084556245e-08,-1.9926655881e-08,-6.1736955104e-08,-1.8058528894e-08,-4.2488824903e-08,-1.6676219516e-08,-4.3194479105e-08,-1.4732904674e-08,-3.4287559458e-08,-1.4171897433e-08,-3.4316489206e-08,-3.4182339732e-06,-2.577879286e-06,-2.416161351e-06,-1.5038086758e-06,-2.3715242605e-06,-3.3823104673e-07,-2.5933188681e-06,-3.8548392922e-07,-1.6855684635e-06,-2.9050809189e-06,-1.9771930511e-06,-2.0223114916e-06,-8.0525785506e-07,-1.8566137214e-06,-1.1910519788e-06,-3.2533328067e-06,-7.485829201e-07,-3.0150977182e-06,-1.7536023051e-06,-3.6818507851e-06,-2.7612111353e-06,-4.4691200856e-06,-8.1230757587e-07,-2.808506224e-06,-1.8603460603e-06,-4.7686539801e-06,-2.8276565445e-06,-5.1311280913e-06,-6.8372588657e-07,-2.5877204735e-06,-5.1695320735e-07,-5.8869386521e-07
0.12114568527235604,0.05694965652872872,0.11961221983010341,0.07315016148686596,0.15581111898565816,0.0,0.19573647486231108,0.2729518583907027,0.24221167435229532,0.2741443311665828,0.3119832559356145,0.30622514485160723,0.31492942856207357,0.40394732831805785,0.2996223158691372,0.5749226104293476,0.23671196336326483,0.4962669339218852,0.2785719918979113,0.5209972040700869,0.3352363619487193,0.31125257215232993,0.24349235648328024,0.48022426704605053,0.0,0.07992643025413117,0.2420181540293659,0.0938342049827457,0.0,0.11582682916138075,0.0,0.0,-1.9856543076e-09,-2.5061859255e-09,-2.3211081945e-09,-2.9804481105e-09,-2.5524558023e-09,-5.6582907249e-09,-2.7317492712e-09,-9.1574179351e-09,-2.4194308779e-09,-6.6704366475e-09,-2.2112174314e-09,-7.1678369906e-09,-1.8179278083e-09,-6.6183867276e-09,-1.644417047e-09,-6.4275278433e-09,-1.4766902146e-09,-5.9764015958e-09,-1.17593979e-09,-5.0336579349e-09,-1.1875069816e-09,-3.119257741e-09,-1.1181031656e-09,-3.1366083064e-09,-1.0486993496e-09,-2.199651572e-09,-9.4459373656e-10,-2.1013286666e-09,-9.0989193957e-10,-1.9856551958e-09,-7.7108408547e-10,-1.644417269e-09,-4.6230840667e-07,-3.8324540697e-07,-5.0659963335e-07,-4.0297342707e-07,-4.6324532832e-07,-1.9565770515e-07,-4.5635653123e-07,-2.6618403126e-07,-4.2738656703e-07,-4.1131391981e-07,-3.4444877883e-07,-4.0728829731e-07,-3.6867646713e-07,-4.0833509729e-07,-3.2813883877e-07,-4.146685626e-07,-3.3064307559e-07,-4.5076461674e-07,-2.3001291538e-07,-3.929854131e-07,-2.8273132102e-07,-4.8989107881e-07,-3.5463386894e-07,-3.0790204164e-07,-1.9950405772e-07,-3.0467464285e-07,-2.0130273981e-07,-2.8267356811e-07,-1.1094439145e-07,-2.0761288511e-07,-8.0400823776e-08,-8.8012157562e-08
0.06334188572297723,0.006490179038420827,0.06301403150463966,0.015954392795852913,0.07916127909035837,0.11615697552475251,0.09760552925724103,0.23311541447730338,0.15701822667484308,0.14328123305395468,0.1898531654242351,0.1810515755025699,0.20950568269284078,0.21509055795417903,0.20049430406141605,0.2670414925918191,0.1855936375776389,0.285262351527342,0.24738988839381934,0.29381227389712905,0.2660317186563633,0.2230928461299506,0.2175161072666622,0.2243367215804058,0.1349611343895363,0.0197295014747621,0.12214528960271,0.020492650715450447,0.13327890555307353,0.01675308663817227,0.2080048350234049,0.017641072270350888,-8.0175276196e-08,-6.7757689237e-08,-8.5629309865e-08,-7.0088482573e-08,-8.8249308305e-08,-4.5322749997e-08,-7.8058455699e-08,-5.9221015647e-08,-5.9967078414e-08,-7.5635057328e-08,-6.0476018859e-08,-1.3383056796e-07,-4.2581319804e-08,-1.2282997375e-07,-3.6479562482e-08,-9.8162608708e-08,-3.6710908091e-08,-9.344307017e-08,-6.2621815289e-08,-8.3425717889e-08,-4.6890193062e-08,-1.1170798331e-07,-5.4704003105e-08,-1.0809899464e-07,-6.605734626e-08,-1.1001338152e-07,-7.6537425286e-08,-1.0568142272e-07,-8.34546654e-08,-9.6259803684e-08,-8.8509644058e-08,-1.1239049513e-07,-5.8409286794e-06,-4.9859440878e-06,-5.876907835e-06,-4.7667881518e-06,-5.5648897614e-06,-6.1394479189e-07,-5.1547158364e-06,-6.8386958674e-07,-4.4140128921e-06,-4.8208021326e-06,-4.3629252104e-06,-4.1122725634e-06,-4.3374261622e-06,-5.0907633522e-06,-4.1741818677e-06,-5.2422510635e-06,-3.9597389332e-06,-5.2881387091e-06,-4.0305794755e-06,-5.136505024e-06,-4.4520638767e-06,-7.7329641499e-06,-5.4876541071e-06,-7.7414988482e-06,-6.4170239966e-06,-8.8636907094e-06,-6.9731709118e-06,-8.9414879767e-06,-6.6520633482e-06,-5.5215332395e-06,-4.5926626626e-06,-4.4131497816e-06
0.09946243934305603,-0.0040844364670321875,0.09561482466708746,0.016654725705108626,0.11861090096126169,0.0,0.1552226360859805,0.22058424645160174,0.26195215887070655,0.21849287129816164,0.29156970946623373,0.23980638039365615,0.30608464154988013,0.3187749686751581,0.27182249930085367,0.3895815092108101,0.23716275610346485,0.4021080192390236,0.0,0.3908076168514496,0.3329464053037859,0.23550675197441184,0.2597015182303924,0.23778391703530763,0.18225387914115518,0.014817369865529064,0.1583901936177911,0.01823388188052472,0.17847152428202553,0.008716858898432513,0.0,0.0,-7.2950756547e-09,-7.5726935833e-09,-7.2025354569e-09,-7.8445259177e-09,-7.7519848318e-09,-1.5461626646e-08,-7.8618738186e-09,-2.3171303098e-08,-7.323994744e-09,-1.2806928851e-08,-6.9943242309e-09,-1.4038858964e-08,-5.7045657087e-09,-1.3529886544e-08,-5.5310547253e-09,-1.3437357005e-08,-5.3054902693e-09,-1.285320117e-08,-4.9642538968e-09,-1.1401493971e-08,-5.0799284779e-09,-7.7982624802e-09,-4.8196637792e-09,-8.2320399386e-09,-4.420589228e-09,-6.1094240777e-09,-4.1545380469e-09,-5.7797588937e-09,-3.7670302433e-09,-6.5894747436e-09,-3.5703862089e-09,-5.409598991e-09,-3.1513701515e-07,-2.5679710802e-07,-3.1491126151e-07,-2.5197351761e-07,-3.0456442346e-07,-1.7266769703e-07,-2.8254595463e-07,-2.2569247449e-07,-2.5204869303e-07,-2.5387589631e-07,-2.5433334372e-07,-2.8015750786e-07,-2.4902394102e-07,-2.7838751748e-07,-2.3636927438e-07,-2.8324586765e-07,-2.2720212201e-07,-2.7562302307e-07,-1.8375492061e-07,-2.6421753319e-07,-2.1476728307e-07,-3.2885037626e-07,-2.6651954954e-07,-3.3326327298e-07,-2.7936508218e-07,-2.9963712223e-07,-2.6319409585e-07,-2.9410784919e-07,-2.0880418106e-07,-2.5938257409e-07,-1.5827791344e-07,-1.5658343955e-07
0.026213128080983847,0.0007130420393015504,0.023698309760175736,0.009809209958802094,0.03735796109423833,0.0,0.06759051776569967,0.19311698743542047,0.11178518998052799,0.18681190661411307,0.18587263356355996,0.16101766992101976,0.1041682822471341,0.12539232285314333,0.12908219992582212,0.2211839000875818,0.1047876433088394,0.24844274072377234,0.10094521202392802,0.19594208560351142,0.11590542809493515,0.10184374204907828,0.05673860472905873,0.12270280919085352,0.04307659219230318,0.004523681837649036,0.03370118236124619,0.0044502887085741075,0.03174230835269491,0.0038086304566699045,0.0,0.0,-1.9856540856e-09,-2.598725457e-09,-2.2517032683e-09,-3.3506029062e-09,-2.5351041266e-09,-5.3575393011e-09,-2.8474231861e-09,-7.8618800359e-09,-2.2054342796e-09,-6.1614739977e-09,-2.1360297975e-09,-6.8786540908e-09,-1.864197241e-09,-6.9538366176e-09,-1.3668002286e-09,-6.8902235029e-09,-1.1238869835e-09,-6.3292064922e-09,-9.6194519017e-10,-5.5657567444e-09,-1.1238867614e-09,-3.8248648693e-09,-1.1932905775e-09,-3.5703859869e-09,-1.0602667633e-09,-2.4252151398e-09,-9.6772823088e-10,-2.5640241041e-09,-9.214590202e-10,-2.0781940613e-09,-7.3059852612e-10,-1.7427401744e-09,-7.259055792e-07,-8.1371877059e-07,-9.1623439857e-07,-5.9237726191e-07,-7.338925343e-07,-1.6789617518e-07,-5.3448871995e-07,-2.0702283621e-07,-5.0355760095e-07,-6.1155031972e-07,-3.6224514588e-07,-5.524590847e-07,-4.7458161134e-07,-8.9812658643e-07,-3.0703398579e-07,-6.389822147e-07,-2.8090337878e-07,-5.7288684729e-07,-2.0590660199e-07,-6.7749579102e-07,-2.8325769108e-07,-6.844485938e-07,-6.2748421215e-07,-6.7303739115e-07,-4.4628217211e-07,-8.8077558758e-07,-4.8303763833e-07,-9.7727570392e-07,-3.5039440149e-07,-4.6220426952e-07,-1.9039492827e-07,-6.6282836997e-08
0.05189929152111711,-0.006507754297835462,0.05505500209478492,0.009597067969450729,0.07304681098000224,0.08095770064599819,0.0898903870357877,0.19688296748425055,0.13750306899896972,0.12544647512101534,0.166794222825667,0.15772526231528824,0.18257336925411524,0.19382607867511117,0.17105756226619376,0.24624667798192432,0.14730045584718857,0.2555100236850854,0.1894151237084275,0.2575115160603016,0.21432490462997536,0.18019097341768153,0.18246152549630223,0.19766749843836628,0.11010402910250294,0.007761277183976575,0.09355136377003882,0.009372978937522649,0.09473057585489786,-0.004673362733445289,0.1378084373061102,-0.0341077385387587,-6.7167761131e-08,-5.75089949e-08,-7.2182231747e-08,-6.3252187488e-08,-7.5264871668e-08,-4.1661721184e-08,-6.7439600571e-08,-5.4923706472e-08,-5.218805299e-08,-1.133215477e-07,-5.0331482981e-08,-1.2124525028e-07,-3.5739251558e-08,-1.0946386197e-07,-2.92673068e-08,-9.2789520068e-08,-2.8353481341e-08,-8.7393388526e-08,-4.3934715421e-08,-8.0759484433e-08,-3.5126184628e-08,-1.0057443944e-07,-3.9799402884e-08,-1.0052234956e-07,-4.7283492677e-08,-9.003655066e-08,-5.1991445815e-08,-8.6583689551e-08,-5.4114067893e-08,-7.3639789377e-08,-5.3240725606e-08,-8.1239583949e-08,-4.9766658776e-06,-4.1581570258e-06,-4.9574387049e-06,-3.9702144932e-06,-4.714510851e-06,-5.369585665e-07,-4.4006983444e-06,-6.2725911221e-07,-3.7209701986e-06,-4.0729719331e-06,-3.7129964312e-06,-3.5129621665e-06,-3.6873966565e-06,-4.3241698222e-06,-3.5609195947e-06,-4.5545752982e-06,-3.4221745864e-06,-4.5551992116e-06,-3.3391115721e-06,-4.3379345698e-06,-3.7855481878e-06,-6.3766860876e-06,-4.6478376134e-06,-6.4230830503e-06,-5.2990421864e-06,-7.3519286161e-06,-5.7723950704e-06,-7.3629071267e-06,-5.5656337281e-06,-4.5240440159e-06,-3.882317742e-06,-3.4816405332e-06
0.0,0.0,0.0,0.0,0.0,0.0,0.0,0.0,0.0,0.0,0.0,0.0,0.0,0.0,0.0,0.0,0.0,0.0,0.0,0.0,0.0,0.0,0.0,0.0,0.0,0.0,0.0,0.0,0.0,0.0,0.0,0.0,-1.3031797863e-09,-1.349449108e-09,-1.4766902146e-09,-1.6733352481e-09,-1.6039312101e-09,-3.5530345333e-09,-1.4535554982e-09,-7.5264221522e-09,-1.5865802006e-09,-2.8879092451e-09,-1.4535553872e-09,-3.4489269218e-09,-1.3668002286e-09,-3.6629226319e-09,-1.1585887805e-09,-3.5819516242e-09,-8.6940654676e-10,-3.4315770225e-09,-6.9011418802e-10,-2.4772677243e-09,-6.2649307964e-10,-1.6039314321e-09,-7.4216616186e-10,-1.7022538934e-09,-6.0914223665e-10,-1.1238867614e-09,-4.8190290647e-10,-1.1470212558e-09,-5.1082005292e-10,-1.0429156427e-09,-2.5634017131e-10,-8.3470447221e-10,-1.0583729448e-07,-7.8555750349e-08,-1.067511235e-07,-7.633480692e-08,-9.8359016931e-08,-6.3923046412e-08,-9.4217867286e-08,-1.0130293049e-07,-7.7960010003e-08,-8.1412878217e-08,-7.8578878515e-08,-9.3876714402e-08,-7.7075107185e-08,-9.8469008947e-08,-7.1493914788e-08,-9.7821235556e-08,-6.7595685493e-08,-9.1696342963e-08,-4.5646640245e-08,-8.5854736653e-08,-5.967787331e-08,-1.0118156979e-07,-7.6531485149e-08,-1.1343718143e-07,-8.2320958938e-08,-1.018351341e-07,-7.5843253455e-08,-8.3419813279e-08,-5.2118618754e-08,-6.9637351885e-08,-3.0904050874e-08,-3.3662900023e-08
0.09904582796866936,-0.071031227542536,0.11907591893823337,-0.015340064696729895,0.15352096467417417,0.0500246114022656,0.20084128731592188,0.19705630743559913,0.3027440124908607,0.3136656054814328,0.3184671298958395,0.3598773868629857,0.32266446684523514,0.3719855637047823,0.27264279134240466,0.47331983601438576,0.21784323128662633,0.4691796108812752,0.24769599699993172,0.4240272191499942,0.32676124293699765,0.32269102985507403,0.27896346676447,0.32995163135157546,0.16610721364755465,-0.01720721857782406,0.12274012916176169,-0.017122438584319395,0.10192087089208005,-0.06454892986982157,0.10234286670349459,-0.19535456280924174,-1.8960768955e-08,-2.2430976188e-08,-2.3055605425e-08,-3.1904622944e-08,-2.5108818136e-08,-2.5912759938e-08,-2.4651923169e-08,-3.5322802461e-08,-1.8694727544e-08,-5.8145239734e-08,-1.6936468228e-08,-6.0499189658e-08,-1.4275984839e-08,-6.4981499293e-08,-9.677955326e-09,-5.9666305674e-08,-7.9486355276e-09,-5.569875583e-08,-6.7976806406e-09,-4.9070624897e-08,-7.462807261e-09,-3.8353462628e-08,-7.9197164382e-09,-3.8509643474e-08,-7.6768067458e-09,-2.4565187218e-08,-6.2887162144e-09,-2.4854369229e-08,-4.790745578e-09,-1.96779677e-08,-3.2812013107e-09,-1.4854357744e-08,-5.5378905017e-07,-4.9257420187e-07,-5.8653023416e-07,-5.3034176517e-07,-5.6474328858e-07,-2.2234384289e-07,-5.5938710375e-07,-2.8843953714e-07,-4.68444739e-07,-5.5896509821e-07,-4.5087429612e-07,-5.7048674762e-07,-4.6985053359e-07,-6.34476919e-07,-4.3483598233e-07,-6.0879182229e-07,-4.0611445229e-07,-5.9823105403e-07,-2.9677946145e-07,-5.9480117898e-07,-3.7064890535e-07,-6.1483586933e-07,-4.4073570393e-07,-6.2753116481e-07,-4.5422913786e-07,-6.3529847694e-07,-4.2604494865e-07,-6.3962460217e-07,-3.5463412473e-07,-5.2422257113e-07,-2.3927827897e-07,-2.7911650591e-07
0.015423962985424403,-0.007035981963803283,0.019790599902358822,0.0017677678173190375,0.0318187092494874,0.0,0.039677249275985906,0.0,0.037154782835041054,0.0,0.0,0.17240820839678292,0.0,0.2035053395898304,0.0,0.21993651655380386,0.0,0.2572511514510811,0.0,0.14798246402624635,0.0,0.06559508862308619,0.01805990756864498,0.06245916246913875,0.00799449216734657,-0.0007677187336998011,0.006650398157626877,-0.001067416958069839,0.0,0.0,0.0,0.0,-9.6772878599e-10,-1.1643723763e-09,-9.5616159435e-10,-1.56922908e-09,-1.1007523781e-09,-3.0498523707e-09,-1.175939679e-09,-4.8254413798e-09,-1.0082141788e-09,-3.0151499075e-09,-8.9254120761e-10,-3.2233622438e-09,-8.5205592582e-10,-3.3621709861e-09,-6.3227711955e-10,-3.483629385e-09,-5.108204415e-10,-3.1019058433e-09,-3.373117341e-10,-2.592940529e-09,-3.6622926913e-10,-1.6906863687e-09,-3.1417646262e-10,-1.6502008648e-09,-3.8936376345e-10,-9.4459351452e-10,-3.373107349e-10,-1.0197812594e-09,-1.638015279e-10,-8.2313694749e-10,-8.2830409198e-11,-5.9179117162e-10,-3.691969539e-07,-2.9626446008e-07,-3.893471785e-07,-3.1238388942e-07,-3.6972906514e-07,-1.121762736e-07,-3.502900654e-07,-1.5443742996e-07,-2.2469761518e-07,-1.5878111981e-07,-1.7292232712e-07,-3.384856484e-07,-1.6174820416e-07,-2.0497540731e-07,-1.9158036935e-07,-4.2981019988e-07,-1.5326337177e-07,-3.8892528664e-07,-1.1219361085e-07,-3.8029574512e-07,-1.479426146e-07,-4.0798835244e-07,-2.3761857904e-07,-4.7196166975e-07,-2.6228030947e-07,-4.4542065325e-07,-2.1166721353e-07,-4.182312523e-07,-7.9371304196e-08,-1.2142446337e-07,-5.7508300344e-09,-8.5559150875e-09
0.0,0.0,0.0,0.0,0.0,0.0,0.0,0.0,0.0,0.0,0.0,0.0,0.0,0.0,0.0,0.0,0.0,0.0,0.0,0.0,0.0,0.0,0.0,0.0,0.0,0.0,0.0,0.0,0.0,0.0,0.0,0.0,-4.0671543911e-10,-3.7201330905e-10,-3.6044667251e-10,-7.3638345421e-10,-4.9346982056e-10,-9.8507990653e-10,-4.2984998894e-10,-1.6039312101e-09,-3.3731206717e-10,-1.3610165217e-09,-3.4887892575e-10,-1.5403106568e-09,-3.257447645e-10,-1.719605125e-09,-1.9850432409e-10,-1.7600907398e-09,-1.4645118451e-10,-1.6039312101e-09,-2.5055657549e-10,-1.2858288878e-09,-1.4645074042e-10,-6.3806077089e-10,-1.5223478034e-10,-6.3227661995e-10,-2.6212365611e-10,-4.0093128817e-10,-6.5480287859e-11,-3.2574376529e-10,-2.1007007245e-10,-3.1417579649e-10,-1.5223444727e-10,-1.92719396e-10,-1.6971162253e-08,-1.2905226221e-08,-2.0799959088e-08,-1.6705099526e-08,-1.9585376876e-08,-6.6183760694e-09,-2.1337831058e-08,-1.451308318e-08,-1.1297369262e-08,-2.3813251815e-08,-9.7994030668e-09,-2.8463297497e-08,-1.1950922918e-08,-3.2026076013e-08,-8.3245623728e-09,-2.7549512893e-08,-6.6357257467e-09,-2.642746999e-08,-1.9856529754e-09,-2.4177616353e-08,-3.5819482935e-09,-1.8833505422e-08,-5.6582907249e-09,-1.9215240954e-08,-5.3459681126e-09,-1.7746188519e-08,-4.2008037049e-09,-1.6739823749e-08,-2.2574866421e-09,-1.0395126537e-08,-7.2481609603e-10,-1.3436654012e-09
